vipAddress,FilterName,Route,Path,UpstreamPath,Host,IP_Based,SubFilters,AuthType,Entitlements,ClientName
1padminui.1p.snapshot.dev,psaPreFilter,/psa.*,/psa,/,null,FALSE,null,NOVALIDATE,null,1P_ADMIN_UI
1padminuifb1.1p.snapshot.dev,psaFb1PreFilter,null,/psa,/,null,FALSE,null,NOVALIDATE,null,1P_ADMIN_UI_FB1
1palertmanager.1p.snapshot.dev,aaaExecute,/api/_execute.*,null,/_execute,null,TRUE,CORSHeadersFilter,AUTH,null,ALERTMANAGER
1palertmanager.1p.snapshot.dev,aaaConsumerApplication,/api/_consumer_application.*,null,/_consumer_application,null,TRUE,CORSHeadersFilter,AUTH,null,ALERTMANAGER
1palertmanager.1p.snapshot.dev,aaaAlertEmail,/api/_alert_email.*,null,/_alert_email,null,TRUE,CORSHeadersFilter,AUTH,null,ALERTMANAGER
1palertmanager.1p.snapshot.dev,1palertmanagerPreFilter,/alerts.*,null,/alerts,null,FALSE,null,NOVALIDATE,null,ALERTMANAGER
1pappbridge.1p.snapshot.dev,bridgeService,/api/bridge.*,null,/bridge,null,FALSE,null,AUTH,null,BRIDGECLIENT
1pappbridgetest.1p.snapshot.dev,bridgeServiceTest,null,null,/bridge,null,FALSE,null,AUTH,null,BRIDGECLIENT_TEST
1pappbroker.1p.snapshot.dev,frontendPreFilter,/.*,/.*,/,dev-snapshot.1p.thomsonreuters.com,FALSE,null,NOVALIDATE,null,1P_APP_BROKER
1pappbroker.1p.snapshot.dev,urlRedirectionPreFilter,/cmty.*,/cmty.*,/,dev-snapshot.1p.thomsonreuters.com,FALSE,null,NOVALIDATE,null,1P_APP_BROKER
1pauth.1p.snapshot.dev,oauthPreFilter,/api/authorize.*,null,/authorize,null,FALSE,null,null,null,AUTH
1pauth.1p.snapshot.dev,oauthSocialMergePreFilter,/api/authorize/auth,null,/authorize,null,FALSE,null,AUTH,null,AUTH
1pauth.1p.snapshot.dev,oauthMergePreFilter,/api/merge.*,/api/merge,/authorize/merge,null,FALSE,null,null,null,AUTH
1pauth.1p.snapshot.dev,oauthVerifyPreFilter,/api/oauth.*,/api/oauth,/authorize/verify,null,FALSE,null,null,null,AUTH
1pauth.1p.snapshot.dev,sessionService,/api/session.*,null,/session,null,FALSE,null,NOVALIDATE,null,AUTH
1pauth.1p.snapshot.dev,registerPreFilter,/api/auth/register,null,/auth/register,null,FALSE,null,NOVALIDATE,null,AUTH
1pauth.1p.snapshot.dev,registrationPreFilter,/api/registration.*,null,/registration,null,FALSE,null,NOVALIDATE,null,AUTH
1pauth.1p.snapshot.dev,passwordPreFilter,/api/auth/resetpassword,null,/auth/resetpassword,null,FALSE,null,AUTH,null,AUTH
1pauth.1p.snapshot.dev,healthCheckPreFilter,/api/auth/healthcheck,null,/healthcheck,null,FALSE,null,AUTH,null,AUTH
1pauth.1p.snapshot.dev,accountSettingsPreFilter,/api/auth/accountsettings,null,/auth/accountsettings,null,FALSE,null,AUTH,null,AUTH
1pauth.1p.snapshot.dev,sprefsPrefilter,/api/users/sprefs.*,null,/users/sprefs,null,FALSE,null,AUTH,null,AUTH
1pauth.1p.snapshot.dev,accountPreFilter,/api/account.*,null,/account,null,FALSE,null,null,null,AUTH
1pauth.1p.snapshot.dev,accountAuthPreFilter,/api/account/auth.*,null,/account,null,FALSE,null,AUTH,null,AUTH
1pauth.1p.snapshot.dev,ssoPreFilter,/api/sso.*,null,/sso,null,FALSE,null,null,null,AUTH
1pauth.1p.snapshot.dev,emailAuthPreFilter,/api/email.*,null,/email,null,FALSE,null,AUTH,null,AUTH
1pauth.1p.snapshot.dev,emailPreFilter,/api/email/confirm.*,null,/email,null,FALSE,null,null,null,AUTH
1pauth.1p.snapshot.dev,captchaAuthPreFilter,/api/util/text.*,null,/util/text,null,FALSE,null,PASSTHRU,null,AUTH
1pauth.1p.snapshot.dev,forgotpasswordPreFilter,/api/account/forgotpassword.*,/api/account/forgotpassword.*,/account,(.*)[.]clarivate.com||(.*)[.]cortellis.cn||(.*)[.]cortellis.com||(.*)[.]derwentinnovation.com||(.*)[.]myendnoteweb.com||(.*)[.]oneplatform.build||(.*)[.]publons.com||(.*)[.]thomson.com||(.*)[.]thomsonreuters.com,FALSE,null,null,null,AUTH
1pauth.1p.snapshot.dev,auditHistoryAuthPreFilter,/api/audit/history/.*,null,/audit/history,null,FALSE,null,AUTH,null,AUTH
1pauthoring.1p.snapshot.dev,commentsService,/api/comments.*,null,/comments,null,FALSE,null,AUTH,null,AUTHORING
1pauthoring.1p.snapshot.dev,statisticsService,/api/statistics.*,null,/statistics,null,FALSE,null,AUTH,null,AUTHORING
1pauthoring.1p.snapshot.dev,appreciationService,/api/appreciation.*,null,/appreciation,null,FALSE,null,AUTH,null,AUTHORING
1pauthoring.1p.snapshot.dev,reportService,/api/report.*,null,/report,null,FALSE,null,AUTH,null,AUTHORING
1pauthoring.1p.snapshot.dev,postService,/api/posts.*,null,/posts,null,FALSE,null,AUTH,null,AUTHORING
1pauthoring.1p.snapshot.dev,draftService,/api/drafts.*,null,/drafts,null,FALSE,null,AUTH,null,AUTHORING
1pauthoring.1p.snapshot.dev,authoringMediaService,/api/authoring-media.*,null,/authoring-media,null,FALSE,null,AUTH,null,AUTHORING
1pauthoring.1p.snapshot.dev,authoringMediaServiceNoValidate,/api/authoring-media/[a-fA-F0-9-]+$,null,/authoring-media,null,FALSE,null,NOVALIDATE,null,AUTHORING
1pauthoringsage.1p.snapshot.dev,commentsSageService,/api/comments.*,/api/comments.*,/comments,null,FALSE,null,AUTH,null,AUTHORINGSAGE
1pauthoringsage.1p.snapshot.dev,statisticsSageService,/api/statistics.*,/api/statistics.*,/statistics,null,FALSE,null,AUTH,null,AUTHORINGSAGE
1pauthoringsage.1p.snapshot.dev,appreciationSageService,/api/appreciation.*,/api/appreciation.*,/appreciation,null,FALSE,null,AUTH,null,AUTHORINGSAGE
1pauthoringsage.1p.snapshot.dev,reportSageService,/api/report.*,/api/report.*,/report,null,FALSE,null,AUTH,null,AUTHORINGSAGE
1pauthoringsage.1p.snapshot.dev,postSageService,/api/posts.*,/api/posts.*,/posts,null,FALSE,null,AUTH,null,AUTHORINGSAGE
1pauthoringsage.1p.snapshot.dev,draftSageService,/api/drafts.*,/api/drafts.*,/drafts,null,FALSE,null,AUTH,null,AUTHORINGSAGE
1pauthoringsage.1p.snapshot.dev,authoringMediaSageService,/api/authoring-media.*,null,/authoring-media,null,FALSE,null,AUTH,null,AUTHORINGSAGE
1pauthoringsage.1p.snapshot.dev,authoringMediaSageServiceNoValidate,/api/authoring-media/[a-fA-F0-9-]+$,null,/authoring-media,null,FALSE,null,NOVALIDATE,null,AUTHORINGSAGE
1pcache.1p.snapshot.dev,1pcachePreFilter,/api/cache/igr.*,/api/cache/igr,/,null,FALSE,null,NOVALIDATE,null,1PCACHE
1pchemistry.1p.snapshot.dev,1pchemistryPreFilter,/api/chemistry/igr.*,/api/chemistry/igr,/,null,FALSE,null,NOVALIDATE,null,1PCHEMISTRY
1pcitations.1p.snapshot.dev,watchlistPreListsAuth,/api/lists/watchlist.*,null,/lists/watchlist,null,FALSE,null,AUTH,null,WATCH
1pclaiming.1p.snapshot.dev,claimingService,/api/claiming.*,null,/claiming,null,FALSE,null,AUTH,null,CLAIMING
1pcommonanalytics.1p.snapshot.dev,commonAnalyticsSearchPreFilter,/api/ca/search.*,null,/search,null,FALSE,null,NOVALIDATE,null,1PCOMMONANALYTICS
1pcommonanalytics.1p.snapshot.dev,commonAnalyticsCollectPreFilter,/api/ca/collect.*,null,/collect,null,FALSE,null,NOVALIDATE,null,1PCOMMONANALYTICS
1pcommonanalytics.1p.snapshot.dev,commonAnalyticsGetPreFilter,/api/ca/get.*,null,/get,null,FALSE,null,NOVALIDATE,null,1PCOMMONANALYTICS
1pcommonanalytics.1p.snapshot.dev,commonAnalyticsHitlistPreFilter,/api/ca/hitlist.*,null,/hitlist,null,FALSE,null,NOVALIDATE,null,1PCOMMONANALYTICS
1pcommonanalytics.1p.snapshot.dev,commonAnalyticsStrlistPreFilter,/api/ca/strlist.*,null,/strlist,null,FALSE,null,NOVALIDATE,null,1PCOMMONANALYTICS
1pcommonanalytics.1p.snapshot.dev,commonAnalyticsScopePreFilter,/api/ca/scope.*,null,/scope,null,FALSE,null,NOVALIDATE,null,1PCOMMONANALYTICS
1pcommonanalytics.1p.snapshot.dev,commonAnalyticsIdsPreFilter,/api/ca/ids.*,null,/ids,null,FALSE,null,NOVALIDATE,null,1PCOMMONANALYTICS
1pcommonanalyticsincites.1p.snapshot.dev,commonAnalyticsIncitesSearchPreFilter,/api/ca-incites/search.*,null,/search,null,FALSE,null,NOVALIDATE,null,1PCOMMONANALYTICSINCITES
1pcommonanalyticsincites.1p.snapshot.dev,commonAnalyticsIncitesXrpcPreFilter,/api/ca-incites/xrpc.*,null,/xrpc,null,FALSE,null,NOVALIDATE,null,1PCOMMONANALYTICSINCITES
1pcommonanalyticsincites.1p.snapshot.dev,commonAnalyticsIncitesCollectPreFilter,/api/ca-incites/collect.*,null,/collect,null,FALSE,null,NOVALIDATE,null,1PCOMMONANALYTICSINCITES
1pcommonanalyticsincites.1p.snapshot.dev,commonAnalyticsIncitesGetPreFilter,/api/ca-incites/get.*,null,/get,null,FALSE,null,NOVALIDATE,null,1PCOMMONANALYTICSINCITES
1pcommonanalyticsincites.1p.snapshot.dev,commonAnalyticsIncitesScopePreFilter,/api/ca-incites/scope.*,null,/scope,null,FALSE,null,NOVALIDATE,null,1PCOMMONANALYTICSINCITES
1pcontainer.1p.snapshot.dev,containerPreFilter,/api/container/v2/container.*,/api/container/v2/container,/container,null,FALSE,null,AUTH,null,CONTAINER
1pcontainer.1p.snapshot.dev,containerNoAuthPreFilter,/api/container/v3/container.*,/api/container/v3/container,/container,null,FALSE,null,NOAUTH,null,CONTAINER
1pdecorator.1p.snapshot.dev,decoratorService,/api/decorator/.*,null,/decorator,null,FALSE,null,AUTH,null,DECORATOR
1pdecorator.1p.snapshot.dev,decoratorEntService,/api/decoratorent/.*,api/decoratorent,/decorator,null,FALSE,null,AUTH,"DRA_DRUG_DESIGN||""DRA_TARGET_DRUG""",DECORATOR
1pdecoratorsage.1p.snapshot.dev,decoratorSageService,/api/decorator/.*,/api/decorator/.*,/decorator,null,FALSE,null,AUTH,null,DECORATORSAGE
1PENTITLEMENTS.1p.snapshot.dev,entitlements,/api/entitlements.*,null,/entitlements,null,FALSE,CORSHeadersFilter,AUTH,null,ENT
1pexampleservice.1p.snapshot.dev,exampleService,/api/example_service.*||/api/test8_example_service.*||/api/test9_example_service.*,/api/example_service,/,null,FALSE,eurekaTestApiHeaders,PASSTHRU,null,EXAMPLE_SERVICE
1pexampleservice.1p.snapshot.dev,ipexampleService,/api/ipexample_service.*,/api/ipexample_service,/,null,TRUE,null,NOVALIDATE,null,EXAMPLE_SERVICE
1pexampleservice.1p.snapshot.dev,authExampleService,/api/auth_example_service.*,/api/auth_example_service,/,null,FALSE,null,AUTH,null,EXAMPLE_SERVICE
1pexp.1p.snapshot.dev,experiment,/api/experiment.*,null,/experiment,null,FALSE,null,NOAUTH,null,EXP
1pexport.1p.snapshot.dev,exportPreFilter,/api/export/.*,null,/export,null,FALSE,null,NOVALIDATE,null,1PEXPORT
1pfollow.1p.snapshot.dev,followService,/api/follow.*,null,/follow,null,FALSE,null,AUTH,null,FOLLOWING
1pfrontend.1p.snapshot.dev,communityPreFilter,/cmty.*,/cmty,/,null,FALSE,null,NOVALIDATE,null,1P_FRONTEND
1pfrontendfb2.1p.snapshot.dev,frontendFb2PreFilter,null,/,/,null,FALSE,null,NOVALIDATE,null,1P_FRONTEND_FB2
1pfrontendfb3.1p.snapshot.dev,frontendFb3PreFilter,/.*,/.*,/,dev-snapshot-fb3.1p.thomsonreuters.com,FALSE,null,NOVALIDATE,null,1P_FRONTEND_FB3
1pfrontendfb4.1p.snapshot.dev,frontendFb4PreFilter,/.*,/.*,/,dev-snapshot-fb4.1p.thomsonreuters.com,FALSE,null,NOVALIDATE,null,1P_FRONTEND_FB4
1pfrontendfb5.1p.snapshot.dev,frontendFb5PreFilter,/.*,/.*,/,dev-snapshot-fb5.1p.thomsonreuters.com,FALSE,null,NOVALIDATE,null,1P_FRONTEND_FB5
1pfrontendfb6.1p.snapshot.dev,frontendFb6PreFilter,/.*,/.*,/,dev-snapshot-fb6.1p.thomsonreuters.com,FALSE,null,NOVALIDATE,null,1P_FRONTEND_FB6
1pfrontendfb6.1p.snapshot.dev,communityFb6PreFilter,null,/cmty,/,null,FALSE,null,NOVALIDATE,null,1P_FRONTEND_FB6
1pgeoduck.1p.snapshot.dev,geoDuck,/api/geoDuck.*,/api/geoDuck,/,null,FALSE,null,NOVALIDATE,null,1P_GEODUCK
1pgroups.1p.snapshot.dev,groups,/api/groups.*,null,/groups,null,FALSE,CORSHeadersFilter,NOVALIDATE,null,1P_GROUPS
1pgroups.1p.snapshot.dev,invites,/api/invites.*,null,/invites,null,FALSE,null,NOVALIDATE,null,1P_GROUPS
1pidentity.1p.snapshot.dev,credentialsPreFilter,/api/credentials.*,null,/credentials,null,FALSE,null,NOVALIDATE,null,1PIDENTITY
1plinksentitlements.1p.snapshot.dev,links-entitlements,/api/links/entitlements.*,null,/entitlements,null,TRUE,null,NOVALIDATE,null,links-entitlements
1plinksentitlementsui.1p.snapshot.dev,linksentPreFilter,/linksent.*,/linksent,/,null,TRUE,null,NOVALIDATE,null,LINKSENT_FRONTEND
1plinksgateway.1p.snapshot.dev,linksGatewayPrefilter,/api/gateway.*,null,/gateway,null,FALSE,null,NOVALIDATE,null,LINKS-GATEWAY
1pmanumatcher.1p.snapshot.dev,matcherPrefilter,/api/matcher.*,/api/matcher,/matcher,null,FALSE,null,NOVALIDATE,null,1pmanumatcher
1pmedia.1p.snapshot.dev,mediaServiceNoValidate,/api/media.*,/api/media,/media,null,FALSE,null,NOVALIDATE,null,MEDIA
1pmicrouiaccount.1p.snapshot.dev,accountUIPreFilter,/account.*,/account.*,/,apps.dev-snapshot.clarivate.com||fb1.apps.dev-snapshot.clarivate.com,FALSE,null,NOVALIDATE,null,1P_MICROUI_ACCOUNT
1pmicrouilogin.1p.snapshot.dev,AuthMicroSitePreFilter,/.*,/.*,/,iam-snapshot.dev.oneplatform.build,FALSE,null,NOVALIDATE,null,1P_MICROUI_LOGIN
1pmicrouiloginfb1.1p.snapshot.dev,AuthMicroSiteFb1PreFilter,/.*,/.*,/,access.dev-snapshot-fb1.clarivate.com||apps.dev-snapshot-fb2.clarivate.com,FALSE,null,NOVALIDATE,null,1P_MICROUI_LOGIN_FB1
1pmicrouiloginfb2.1p.snapshot.dev,AuthMicroSiteFb2LoginPreFilter,null,/,/,null,FALSE,null,NOVALIDATE,null,1P_MICROUI_LOGIN_FB2
1pmicrouiloginngx.1p.snapshot.dev,AuthMicroSiteNgxPreFilter,/.*,/.*,/,fb1.apps.dev-snapshot.clarivate.com,FALSE,null,NOVALIDATE,null,1P_MICROUI_LOGIN_NGX
1pmodels.1p.snapshot.dev,modelsPrefilter,/api/models.*,/api/models,/,null,FALSE,null,NOVALIDATE,null,1PMODELS
1pmwsbridge.1p.snapshot.dev,mwsBridge,/api/bridge/mws/.*,null,/bridge/mws,null,FALSE,null,NOVALIDATE,null,MWSBRIDGE
1pneonui.1p.snapshot.dev,neonPreFilter,/neon.*,/neon,/,null,FALSE,null,NOVALIDATE,null,1P_NEON_UI
1pnotify.1p.snapshot.dev,notify,/api/notify/.*,null,/notify,null,FALSE,null,AUTH,null,NOTIFY
1pnotifyv2.1p.snapshot.dev,notifyv2,/api/notifyv2/.*,/api/notifyv2,/notify,null,FALSE,null,NOVALIDATE,null,NOTIFYV2
1poauth.1p.snapshot.dev,1poauthPreFilter,/api/token.*,null,/token,null,FALSE,null,null,null,OAUTH
1ppreferences.1p.snapshot.dev,preferencesService,/api/preferences.*,null,/preferences,null,FALSE,null,NOAUTH,null,PREFERENCES
1pprofile.1p.snapshot.dev,userProfileService,/api/users/user.*,null,/users/user,null,FALSE,null,AUTH,null,PROFILE
1pprofile.1p.snapshot.dev,userProfileBatchService,/api/users/list.*,null,/users/list,null,FALSE,null,NOAUTH,null,PROFILE
1pprofile.1p.snapshot.dev,userProfilev2Service,/api/v2users.*,/api/v2users,/users,null,FALSE,CORSHeadersFilter,AUTH,null,PROFILEV2
1pprofile.1p.snapshot.dev,userProfilev2NoAuthService,/api/v2users/.*/media/image||/api/v2users/user/[a-fA-F0-9-]+$,/api/v2users,/users,null,FALSE,CORSHeadersFilter,NOVALIDATE,null,PROFILEV2
1pprofiles.1p.snapshot.dev,profileAuthPreFilter,/api/profile/user.*,null,/profile/user,null,FALSE,CORSHeadersFilter,AUTH,null,PROFILES
1pprofilesearch.1p.snapshot.dev,profileSearchPreFilter,/api/profilesearch.*,/api/profilesearch,/search,null,FALSE,null,AUTH,null,PROFILESEARCH
1precommend.1p.snapshot.dev,recommendService,/api/recommend/.*,null,/recommend,null,FALSE,null,NOVALIDATE,null,RECOMMEND
1previewerlocator.1p.snapshot.dev,reviewerLocatorService,/api/reviewer/.*,null,/reviewer,null,FALSE,null,NOVALIDATE,null,REVIEWER
1psearchdsl.1p.snapshot.dev,searchDslPreFilter,/api/searchdsl/v1.*,/api/searchdsl/v1,/,null,FALSE,null,NOVALIDATE,null,1PSEARCHDSL
1psearchsage.1p.snapshot.dev,searchSagePreFilter,/api/search/sage.*,/api/search/sage,/,null,FALSE,null,NOVALIDATE,null,1PSEARCHSAGE
1psearchv3.1p.snapshot.dev,searchV3PreFilter,/api/search/v3.*,/api/search/v3,/,null,FALSE,null,NOVALIDATE,null,1PSEARCHV3
1psearchv4.1p.snapshot.dev,searchV4PreFilter,/api/search/v4.*,/api/search/v4,/,null,FALSE,null,NOVALIDATE,null,1PSEARCHV4
1pstructuresearch.1p.snapshot.dev,structuresearchPreFilter,/api/dra/structure/search.*,null,/structure/search,null,FALSE,null,NOVALIDATE,null,STRUCTURESEARCH
1psupport.1p.snapshot.dev,supportService,/api/support.*,null,/support,null,FALSE,null,NOAUTH,null,SUPPORT
1ptypeahead.1p.snapshot.dev,suggestPreFilter,/api/suggest.*,null,/suggest,null,FALSE,null,NOAUTH,null,SUGGEST
1ptypeaheadsage.1p.snapshot.dev,suggestSagePreFilter,/api/suggest.*,/api/suggest.*,/suggest,null,FALSE,null,NOAUTH,null,SAGESUGGEST
1pwatchlistra.1p.snapshot.dev,watchlistV2PreListsAuth,/api/containers.*,null,/containers,null,FALSE,null,AUTH,null,WATCHV2
alertsadmin.1p.snapshot.dev,aaaPreFilter,/aaa.*,/aaa,/,null,TRUE,null,NOVALIDATE,null,ALERTS_ADMIN
arcmatchingservice.1p.snapshot.dev,arcMatchingService,/api/arc/.*,null,/arc,null,FALSE,null,NOVALIDATE,null,ARCMATCHING
brsincrementalindex.1p.snapshot.dev,brsIncrementalIndex,/api/brs/.*,null,/brs,null,FALSE,null,NOVALIDATE,null,BRSINCREMENTALINDEX
brssearchdsl.1p.snapshot.dev,brsSearchDslPreFilter,/api/brssearchdsl/v1.*,/api/brssearchdsl/v1,/,null,FALSE,null,NOVALIDATE,null,BRSSEARCHDSL
caastaxonomy.1p.snapshot.dev,caastaxonomyPreFilter,/api/taxonomy.*,null,/,null,FALSE,null,NOVALIDATE,null,CAASTAXONOMY
ccauthorshipresolution.1p.snapshot.dev,ccauthorshipService,/api/authorship.*,null,/authorship,null,FALSE,null,AUTH,null,AUTHORSHIP
ccauthorshipresolution.1p.snapshot.dev,ccauthorshipSingleFeedbackService,/api/authorship/feedback/extract/single.*,null,/authorship/feedback/extract/single,null,FALSE,null,NOAUTH,null,AUTHORSHIP
ccauthorshipresolution.1p.snapshot.dev,ccauthorshipIdsByDateRange,/api/authorship/feedback/extract/ids.*,null,/authorship/feedback/extract/ids,null,FALSE,null,NOAUTH,null,AUTHORSHIP
ccauthorshipresolution.1p.snapshot.dev,ccauthorshipResolve,/api/authorship/resolve.*,null,/authorship/resolve,null,FALSE,null,NOAUTH,null,AUTHORSHIP
ccEditorialWsTemplate.1p.snapshot.dev,ccEditorialWsTemplateFilter,/ws_template.*,/ws_template,/,null,FALSE,null,PASSTHRU,null,ws_template
CDDIANALYTICS.1p.snapshot.dev,cddiAnalyticsCountsPreFilter,/api/cddi/analytics/counts.*,null,/counts,null,FALSE,null,AUTH,CDDI_CDDI,CDDIANALYTICS
CDDIANALYTICS.1p.snapshot.dev,cddiAnalyticsCalculationsPreFilter,/api/cddi/analytics/calculations.*,null,/calculations,null,FALSE,null,AUTH,CDDI_CDDI,CDDIANALYTICS
CDDIANALYTICS.1p.snapshot.dev,cddiAnalyticsFilterByValueRangePreFilter,/api/cddi/analytics/range/filter.*,null,/range/filter,null,FALSE,null,AUTH,CDDI_CDDI,CDDIANALYTICS
CDDICONFIG.1p.snapshot.dev,cddiconfigPreFilter,/api/cddi/config.*,null,/config,null,FALSE,null,AUTH,CDDI_CDDI,CDDICONFIG
CDDIEXPORT.1p.snapshot.dev,cddiexportPreFilter,/api/cddi/export.*,null,/export,null,FALSE,null,AUTH,CDDI_CDDI,CDDIEXPORT
CDDIFILTERS.1p.snapshot.dev,cddifiltersPreFilter,/api/cddi/filters.*,null,/filters,null,FALSE,null,AUTH,CDDI_CDDI,CDDIFILTERS
cddimarketingui.integrity.snapshot.dev,igrMarketinguiPreFilter,/marketing/drugdiscovery||/marketing/drugdiscovery/.*||/ui/drugdiscovery/marketing||/ui/drugdiscovery/marketing/.*,/,/,null,FALSE,null,NOVALIDATE,null,CDDI_MARKETINGUI
cddimarketinguiFb1.integrity.snapshot.dev,igrMarketinguiFb1PreFilter,null,/,/,null,FALSE,null,NOVALIDATE,null,CDDI_MARKETINGUI_FB1
CDDIONTOLOGIES.1p.snapshot.dev,cddiontologiesPreFilter,/api/cddi/ontologies.*,null,/ontologies,null,FALSE,null,AUTH,CDDI_CDDI,CDDIONTOLOGIES
CDDITABLE.1p.snapshot.dev,cdditablePreFilter,/api/cddi/table.*,null,/table,null,FALSE,null,AUTH,CDDI_CDDI,CDDITABLE
CDDITABLE.1p.snapshot.dev,cdditableCountsPreFilter,/api/cddi/counts.*,null,/counts,null,FALSE,null,AUTH,CDDI_CDDI,CDDITABLE
CDDITABLE.1p.snapshot.dev,cdditableIdsPreFilter,/api/cddi/ids.*,null,/ids,null,FALSE,null,AUTH,CDDI_CDDI,CDDITABLE
cdxseed.1p.snapshot.dev,cdxPreFilter,/cdx.*,/cdx,/,null,FALSE,null,NOVALIDATE,null,CDX_SEED
censubui.scholarone.snapshot.dev,censubuiPreFilter,/censub.*,/censub,/,null,FALSE,null,NOVALIDATE,null,CENSUB_FRONTEND
censubui.scholarone.snapshot.dev,mjlbetauiPreFilter,/mjl-beta.*,/mjl-beta,/,null,FALSE,null,NOVALIDATE,null,CENSUB_FRONTEND
centralsubmission.scholarone.snapshot.dev,censubPublicPrefilter,/api/censub/public.*,/api/censub/public,/central-submission/public,null,FALSE,null,NOVALIDATE,null,centralsubmission
centralsubmission.scholarone.snapshot.dev,censubRestrictedPrefilter,/api/censub/restricted.*,/api/censub/restricted,/central-submission/restricted,null,FALSE,null,AUTH,null,centralsubmission
cmcapi.1p.snapshot.dev,cmcapiPreFilter,/api/cmc/services.*,null,/,null,FALSE,null,AUTH,"CMC_BIO_REG||""CMC_REG""",CMCAPI
cmcchangehistory.1p.snapshot.dev,cmcchangehistoryPreFilter,/api/cmcchangehistory.*,null,/,null,FALSE,null,NOVALIDATE,null,CMCCHANGEHISTORY
cmcgui.1p.snapshot.dev,cmcguiPreFilter,/cmc||/cmc/.*,/cmc,/,null,FALSE,null,NOVALIDATE,null,CMC_GUI
cortellisalertapi.cortellis.snapshot.dev,cortellisalertapiPreFilter,/api/cortellis/alert.*,/api/cortellis/alert,/cortellisalert,null,FALSE,null,AUTH,null,CORTELLISALERTAPI
cortellisalertapp.cortellis.snapshot.dev,cortellisAlertFilter,/cortellis/alert/||/cortellis/alert/.*,/cortellis/alert/,/,null,FALSE,null,NOVALIDATE,null,CORTELLISALERTAPP
cortellisautocompleteapi.cortellis.snapshot.dev,cortellisautocompleteapiPreFilter,/api/cortellis/autocomplete.*,/api/cortellis/autocomplete,/cortellisautocomplete,null,FALSE,null,AUTH,null,CORTELLISAUTOCOMPLETEAPI
cortellisconfigurationapi.cortellis.snapshot.dev,cortellisconfigurationapiPreFilter,/api/configtestget.*,null,/configtestget,null,FALSE,null,NOVALIDATE,null,CORTELLISCONFIGURATIONAPI
cortellisconfigurationapi.cortellis.snapshot.dev,configLandingPageHeaderPreFilter,/api/featureConfig.*,null,/featureConfig,null,FALSE,null,NOVALIDATE,null,CORTELLISCONFIGURATIONAPI
cortellisconfigurationapi.cortellis.snapshot.dev,landingPageHeaderConfigPreFilter,/api/landingPageHeaderConfig.*,null,/landingPageHeaderConfig,null,FALSE,null,NOVALIDATE,null,CORTELLISCONFIGURATIONAPI
cortellisconfigurationapi.cortellis.snapshot.dev,landingPageToolsConfigPreFilter,/api/configLandingPageTools.*,null,/configLandingPageTools,null,FALSE,null,NOVALIDATE,null,CORTELLISCONFIGURATIONAPI
cortellisconfigurationapi.cortellis.snapshot.dev,landingPageConfigFilter,/api/configEiddo.*,null,/configEiddo,null,FALSE,null,NOVALIDATE,null,CORTELLISCONFIGURATIONAPI
cortellisconfigurationapi.cortellis.snapshot.dev,landingPageAdvSearchFilter,/api/riAdvancedSearch.*,null,/riAdvancedSearch,null,FALSE,null,NOVALIDATE,null,CORTELLISCONFIGURATIONAPI
cortellisconfigurationapi.cortellis.snapshot.dev,cortellistestPreFilter,/api/testNew.*,null,/testNew,null,FALSE,null,NOVALIDATE,null,CORTELLISCONFIGURATIONAPI
cortellisconfigurationapi.cortellis.snapshot.dev,cortellisConfigurationPreFilter,/api/cortellis/configuration.*,/api/cortellis/configuration,/cortellisconfigurationapi,null,FALSE,null,AUTH,null,CORTELLISCONFIGURATIONAPI
cortellisdealslandingcomponent.cortellis.snapshot.dev,cortellisDealsLandingComponentFilter,/cortellis/deals/landing/ri||/cortellis/deals/landing/ri/.*,/cortellis/deals/landing/ri,/,null,FALSE,null,NOVALIDATE,null,CORTELLIS_DEALS_LANDING_COMPONENT
cortellisexportapp.cortellis.snapshot.dev,cortellisExportFilter,/cortellis/export/||/cortellis/export/.*,/cortellis/export/,/,null,FALSE,null,NOVALIDATE,null,CORTELLISEXPORTAPP
cortellisexportsearchapi.cortellis.snapshot.dev,cortellisexportsearchapiPreFilter,/api/cortellis/export.*,/api/cortellis/export,/cortellisexport,null,FALSE,null,AUTH,null,CORTELLISEXPORTSEARCHAPI
cortellisfrontend.cortellis.snapshot.dev,cortellisFrontendFilter,/intelligence/suite||/intelligence/suite/.*,/intelligence/suite,/,null,FALSE,null,NOVALIDATE,null,CORTELLISFRONTEND
cortellislandingapp.cortellis.snapshot.dev,cortellisLandingAppFilter,/cortellis/landing/ri||/cortellis/landing/ri/.*,/cortellis/landing/ri,/,null,FALSE,null,NOVALIDATE,null,CORTELLIS_LANDING_APP
cortellislandingcomponent.cortellis.snapshot.dev,cortellisLandingComponentFilter,/intelligence/landing||/intelligence/landing/.*,/intelligence/landing,/,null,FALSE,null,NOVALIDATE,null,CORTELLIS_LANDING_COMPONENT
cortellisontologyapi.cortellis.snapshot.dev,cortellisontologyapiPreFilter,/api/testgetontology.*,null,/testgetontology,null,FALSE,null,AUTH,null,CORTELLISONTOLOGYAPI
cortellisontologyapi.cortellis.snapshot.dev,browseOntologyDataPreFilter,/api/browseOntologyData.*,null,/browseOntologyData,null,FALSE,null,AUTH,null,CORTELLISONTOLOGYAPI
cortellisontologyapi.cortellis.snapshot.dev,cortellisOntologyGenericFilter,/api/cortellis/ontology.*,/api/cortellis/ontology,/cortellisontology,null,FALSE,null,AUTH,null,CORTELLISONTOLOGYAPI
cortellisreportapp.cortellis.snapshot.dev,cortellisReportFilter,/cortellis/report/||/cortellis/report/.*||/site-report/||/site-report/.*,/cortellis/report/,/,null,FALSE,null,NOVALIDATE,null,CORTELLISREPORTAPP
cortellisreportcomponent.cortellis.snapshot.dev,cortellisReportFilter,/cortellis/report/||/cortellis/report/.*||/site-report/||/site-report/.*,/site-report/,/,null,FALSE,null,NOVALIDATE,null,CORTELLISREPORTCOMPONENT
cortellisresultsapp.cortellis.snapshot.dev,cortellisResultsAppFilter,/cortellis/results/||/cortellis/results/.*,/cortellis/results/,/,null,FALSE,null,NOVALIDATE,null,CORTELLISRESULTSAPP
cortellisresultscomponent.cortellis.snapshot.dev,cortellisResultsFilter,/cortellis/resultscomp/||/cortellis/resultscomp/.*,/cortellis/resultscomp/,/,null,FALSE,null,NOVALIDATE,null,CORTELLISRESULTSCOMPONENT
cortellisretrieveapi.cortellis.snapshot.dev,cortellisretrieveapiPreFilter,/api/retrievetestget/.*,null,/retrievetestget,null,FALSE,null,NOVALIDATE,null,CORTELLISRETRIEVEAPI
cortellisretrieveapi.cortellis.snapshot.dev,cortellisRetrieveDataPreFilterForGRCdata,/api/retrievegrcdata.*,null,/retrievegrcdata,null,FALSE,null,NOVALIDATE,null,CORTELLISRETRIEVEAPI
cortellisretrieveapi.cortellis.snapshot.dev,cortellisRetrieveDataPreFilterForIRdata,/api/retrieveirdata.*,null,/retrieveirdata,null,FALSE,null,NOVALIDATE,null,CORTELLISRETRIEVEAPI
cortellisretrieveapi.cortellis.snapshot.dev,cortellisRetrieveDataPreFilterForRSdata,/api/retrieversdata.*,null,/retrieversdata,null,FALSE,null,NOVALIDATE,null,CORTELLISRETRIEVEAPI
cortellisretrieveapi.cortellis.snapshot.dev,cortellisRetrieveDataPreFilterForBrowse,/api/browseRetrieveData.*,null,/browseRetrieveData,null,FALSE,null,NOVALIDATE,null,CORTELLISRETRIEVEAPI
cortellissearchapi.cortellis.snapshot.dev,cortellissearchapiPreFilter,/api/testget/.*,null,/testget,null,FALSE,null,AUTH,null,CORTELLISSEARCHAPI
cortellissearchapi.cortellis.snapshot.dev,cortellisLandingPageConfigPreFilter,/api/fetchLandingPageConfig.*,null,/fetchLandingPageConfig,null,FALSE,null,AUTH,null,CORTELLISSEARCHAPI
cortellissearchapi.cortellis.snapshot.dev,cortellisSearchDataPreFilter,/api/searchdata.*,null,/searchdata,null,FALSE,null,AUTH,null,CORTELLISSEARCHAPI
cortellissearchapi.cortellis.snapshot.dev,landingPageSearchFiltersPreFilter,/api/landingPageSearchFilters.*,null,/landingPageSearchFilters,null,FALSE,null,AUTH,null,CORTELLISSEARCHAPI
cortellissearchapi.cortellis.snapshot.dev,cortellisSearchPreFilter,/api/cortellis/search/.*,null,/cortellissearchapi,null,FALSE,null,AUTH,null,CORTELLISSEARCHAPI
cortellissvgextractorcomponent.cortellis.dev,cortellissvgextractorcomponentPreFilter,/svg-extractor.*,/svg-extractor,/,null,FALSE,null,NOVALIDATE,null,CORTELLISSVGEXTRACTORCOMPONENT
cortellisuserdetailsapi.cortellis.snapshot.dev,cortellisuserdetailsapiPreFilter,/api/cortellis/userdetails.*,/api/cortellis/userdetails,/cortellisuserdetails,null,FALSE,null,AUTH,null,CORTELLISUSERDETAILSAPI
draddapi.1p.snapshot.dev,draddapiPreFilter,/api/dra/dd/gui/services.*,null,/,null,FALSE,null,AUTH,DRA_DRUG_DESIGN,DRADDAPI
draddgui.1p.snapshot.dev,draddFrontendPreFilter,/dra-dd.*,/dra-dd,/,null,FALSE,null,NOVALIDATE,null,DRADD_FRONTEND
draexcelexport.dra.snapshot.dev,draExcelExportPreFilter,/api/dra/excel/export.*,null,/export,null,FALSE,null,AUTH,DRA_TARGET_DRUG,DRAEXCELEXPORT
draiopgui.1p.snapshot.dev,draiopFrontendPreFilter,/dra||/dra/.*,/dra,/,null,FALSE,null,NOVALIDATE,null,DRAIOP_FRONTEND
drasdfexport.1p.snapshot.dev,drasdfexportPreFilter,/api/dra/export/sdf,/api/dra/export/sdf,/export/sdf,null,FALSE,null,NOVALIDATE,null,DRASDFEXPORT
drasearch.1p.snapshot.dev,drasearchPreFilter,/api/dra/search.*,null,/dra/search,null,FALSE,null,AUTH,"DRA_DRUG_DESIGN||""DRA_TARGET_DRUG""",DRASEARCH
drasearch.1p.snapshot.dev,drasearchHealthCheckPreFilter,/api/dra/healthcheck.*,null,/healthcheck,null,FALSE,null,AUTH:500,"DRA_DRUG_DESIGN||""DRA_TARGET_DRUG""",DRASEARCH
dratdentity.dra.snapshot.dev,draTdEntityAggregationsPreFilter,/api/dra/analytics/aggregations.*,null,/aggregations,null,FALSE,null,AUTH,"DRA_DRUG_DESIGN||""DRA_TARGET_DRUG""",DRATDENTITY
dratdentity.dra.snapshot.dev,draTdEntityRelatedEntitiesPreFilter,/api/dra/analytics/related/entities.*,null,/related/entities,null,FALSE,null,AUTH,"DRA_DRUG_DESIGN||""DRA_TARGET_DRUG""",DRATDENTITY
dratdentity.dra.snapshot.dev,draTdEntityGraphicPreFilter,/api/dra/analytics/graphic.*,null,/graphic,null,FALSE,null,AUTH,"DRA_DRUG_DESIGN||""DRA_TARGET_DRUG""",DRATDENTITY
dratdentity.dra.snapshot.dev,draTdEntityDecoratorPreFilter,/api/dra/analytics/entity/decorator.*,null,/entity/decorator,null,FALSE,null,AUTH,"DRA_DRUG_DESIGN||""DRA_TARGET_DRUG""",DRATDENTITY
dratdentity.dra.snapshot.dev,draTdHealthCheckPreFilter,/api/dra-td/healthcheck.*,null,/healthcheck,null,FALSE,null,AUTH,"DRA_DRUG_DESIGN||""DRA_TARGET_DRUG""",DRATDENTITY
dratdexploration.dra.snapshot.dev,draTdExplorationFilter,/api/dra-td/exploration.*,null,/exploration,null,FALSE,null,AUTH,"DRA_DRUG_DESIGN||""DRA_TARGET_DRUG""",DRATDEXPLORATION
dratdgui.dra.snapshot.dev,draTdGuiPreFilter,/dra-td.*,/dra-td,/,null,FALSE,null,NOVALIDATE,null,DRA_TD_GUI
dratdguifb1.1p.snapshot.dev,draTdGuiFb1PreFilter,/dra-td.*,/dra-td.*,/,dev-snapshot-fb1.1p.thomsonreuters.com,FALSE,null,NOVALIDATE,null,DRA_TD_GUI_FB1
dratdguifb2.1p.snapshot.dev,draTdGuiFb2PreFilter,/dra-td.*,/dra-td.*,/,dev-snapshot-fb2.1p.thomsonreuters.com,FALSE,null,NOVALIDATE,null,DRA_TD_GUI_FB2
dratdguifb3.1p.snapshot.dev,draTdGuiFb3PreFilter,/dra-td.*,/dra-td.*,/,dev-snapshot-fb3.1p.thomsonreuters.com,FALSE,null,NOVALIDATE,null,DRA_TD_GUI_FB3
dratdguifb4.1p.snapshot.dev,draTdGuiFb4PreFilter,/dra-td.*,/dra-td.*,/,dev-snapshot-fb4.1p.thomsonreuters.com,FALSE,null,NOVALIDATE,null,DRA_TD_GUI_FB4
dratdguifb5.1p.snapshot.dev,draTdGuiFb5PreFilter,/dra-td.*,/dra-td.*,/,dev-snapshot-fb5.1p.thomsonreuters.com,FALSE,null,NOVALIDATE,null,DRA_TD_GUI_FB5
dratdguifb6.1p.snapshot.dev,draTdGuiFb6PreFilter,/dra-td.*,/dra-td.*,/,dev-snapshot-fb6.1p.thomsonreuters.com,FALSE,null,NOVALIDATE,null,DRA_TD_GUI_FB6
dratdguiservices.dra.snapshot.dev,dratdguiservicesPreFilter,/api/dra/td/gui/services.*,/api/dra/td,/,null,FALSE,null,AUTH,"DRA_DRUG_DESIGN||""DRA_TARGET_DRUG""",DRATDGUISERVICES
dratdmarketingui.dra.snapshot.dev,draMarketinguiPreFilter,/marketing/dratd||/marketing/dratd/.*||/ui/dratd/marketing||/ui/dratd/marketing/.*,/,/,null,FALSE,null,NOVALIDATE,null,DRA_MARKETINGUI
dratdscore.dra.snapshot.dev,draTdScorePreFilter,/api/dra-td/score.*,null,/score,null,FALSE,null,AUTH,"DRA_DRUG_DESIGN||""DRA_TARGET_DRUG""",DRATDSCORE
dratypeahead.dra.snapshot.dev,dratypeaheadPreFilter,/api/dra/suggest.*,null,/suggest,null,FALSE,null,AUTH,"DRA_DRUG_DESIGN||""DRA_TARGET_DRUG""",DRATYPEAHEAD
IGRALERTS.1p.snapshot.dev,igralertsPreFilter,/api/igr/alerts.*,/api/igr/alerts,/,null,FALSE,null,AUTH,CDDI_CDDI,IGRALERTS
IGRENTITY.1p.snapshot.dev,igrentityPreFilter,/api/igr/entity.*,null,/entity,null,FALSE,null,AUTH,CDDI_CDDI,IGRENTITY
IGRFILTERS.1p.snapshot.dev,igrfiltersPreFilter,/api/igr/filters.*,null,/filters,null,FALSE,null,AUTH,CDDI_CDDI,IGRFILTERS
igrgui.1p.snapshot.dev,cddiGuiPreFilter,/drugdiscovery.*,/drugdiscovery,/,null,FALSE,null,NOVALIDATE,null,CDDI_GUI
igrGuiFb1.1p.snapshot.dev,cddiGuiFb1PreFilter,/drugdiscovery.*,/drugdiscovery.*,/,apps.dev-snapshot-fb1.clarivate.com,FALSE,null,NOVALIDATE,null,CDDI_GUI_FB1
IGROVERVIEW.1p.snapshot.dev,igroverviewPreFilter,/api/igr/overview.*,null,/overview,null,FALSE,null,AUTH,CDDI_CDDI,IGROVERVIEW
IGROVERVIEW.1p.snapshot.dev,igroverviewSearchPreFilter,/api/igr/search.*,null,/search,null,FALSE,null,AUTH,CDDI_CDDI,IGROVERVIEW
IGROVERVIEW.1p.snapshot.dev,igroverviewFilterPreFilter,/api/igr/filter.*,null,/filter,null,FALSE,null,AUTH,CDDI_CDDI,IGROVERVIEW
IGROVERVIEW.1p.snapshot.dev,igroverviewConfigPreFilter,/api/igr/overview/config.*,null,/config,null,FALSE,null,AUTH,CDDI_CDDI,IGROVERVIEW
IGROVERVIEW.1p.snapshot.dev,igrsearchPingPreFilter,/api/igr/overview/ping,null,/ping,null,FALSE,null,AUTH,CDDI_CDDI,IGROVERVIEW
IGRRELATEDCONTENT.1p.snapshot.dev,igrrelatedContentPreFilter,/api/igr/related-content.*,null,/related-content,null,FALSE,null,AUTH,CDDI_CDDI,IGRRELATEDCONTENT
IGRTABLE.1p.snapshot.dev,igrtablePreFilter,/api/igr/table.*,null,/table,null,FALSE,null,AUTH,CDDI_CDDI,IGRTABLE
IGRTABLE.1p.snapshot.dev,igrtableExportPreFilter,/api/igr/export.*,null,/export,null,FALSE,null,AUTH,CDDI_CDDI,IGRTABLE
igrtypeahead.1p.snapshot.dev,igrTypeaheadPreFilter,/api/igr/suggest.*,/api/igr/suggest,/suggest,null,FALSE,null,AUTH,CDDI_CDDI,IGRTYPEAHEAD
iipedge.1p.snapshot.dev,iipEdgePreFilter,/api/iip/.*,null,/iip,null,FALSE,inCitesSessionService,NOVALIDATE,null,IIP_EDGE
iipedgeexportpdf.1p.snapshot.dev,iipEdgeExportPdfPreFilter,/api/iipexport/.*,null,/iipexport,null,FALSE,inCitesSessionService,NOVALIDATE,null,IIP_EDGE_EXPORT_PDF
iipfrontend.1p.snapshot.dev,iipFrontendPreFilter,/iip.*,/iip,/,null,FALSE,null,NOVALIDATE,null,IIP_FRONTEND
INCITESRESTADAPTER.1p.snapshot.dev,incitesPreFilter,api/incites.*,null,/incites,null,FALSE,null,NOAUTH,null,incitesAdapter
ipaanalytics.1p.snapshot.dev,ipaanalyticsPreFilter,/api/ipa/analytics.*,null,/analytics,null,FALSE,null,NOVALIDATE,IPA_TEST_SKU,IPAANALYTICS
ipaanalytics.1p.snapshot.dev,ipaanalyticsHealthCheckPreFilter,/api/ipa/healthcheck.*,/api/ipa/healthcheck,/analytics/hello,null,FALSE,null,AUTH:500,IPA_TEST_SKU,IPAANALYTICS
ipafrontend.1p.snapshot.dev,ipafrontendPreFilter,/ipa.*,/ipa,/ipa,null,FALSE,null,NOVALIDATE,null,IPA_FRONTEND
ipafrontendfb1.1p.snapshot.dev,ipafrontendFb1PreFilter,null,/ipa,/ipa,null,FALSE,null,NOVALIDATE,null,IPA_FRONTEND_FB1
ipafrontendfb2.1p.snapshot.dev,ipafrontendFb2PreFilter,/ipa.*,/ipa.*,/ipa,dev-snapshot-fb2.1p.thomsonreuters.com,FALSE,null,NOVALIDATE,null,IPA_FRONTEND_FB2
ipafrontendfb3.1p.snapshot.dev,ipafrontendFb3PreFilter,/ipa.*,/ipa.*,/ipa,dev-snapshot-fb3.1p.thomsonreuters.com,FALSE,null,NOVALIDATE,null,IPA_FRONTEND_FB3
ipafrontendfb4.1p.snapshot.dev,ipafrontendFb4PreFilter,/ipa.*,/ipa.*,/ipa,dev-snapshot-fb4.1p.thomsonreuters.com,FALSE,null,NOVALIDATE,null,IPA_FRONTEND_FB4
ipafrontendfb5.1p.snapshot.dev,ipafrontendFb5PreFilter,/ipa.*,/ipa.*,/ipa,dev-snapshot-fb5.1p.thomsonreuters.com,FALSE,null,NOVALIDATE,null,IPA_FRONTEND_FB5
ipafrontendfb6.1p.snapshot.dev,ipafrontendFb6PreFilter,/ipa.*,/ipa.*,/ipa,dev-snapshot-fb6.1p.thomsonreuters.com,FALSE,null,NOVALIDATE,null,IPA_FRONTEND_FB6
iparecommend.1p.snapshot.dev,iparecommendPreFilter,/api/ipa/recommend/.*,null,/recommend,null,FALSE,null,NOVALIDATE,null,IPARECOMMEND
ipasearchdsl.1p.snapshot.dev,ipaSearchDslPreFilter,/api/ipasearchdsl/v1.*,/api/ipasearchdsl/v1,/,null,FALSE,null,NOVALIDATE,null,IPASEARCHDSL
ipatypeahead.1p.snapshot.dev,ipatypeaheadPreFilter,/api/ipa/suggest.*,null,/suggest,null,FALSE,null,NOVALIDATE,null,IPATYPEAHEAD
iplab.1p.snapshot.dev,iplabPreFilter,/iplab.*,/iplab,/,null,FALSE,null,NOVALIDATE,null,IPLAB
jhexampleservice.1p.snapshot.dev,jhexampleservice,/api/jhexampleservice.*,/api/jhexampleservice,/,null,FALSE,null,PASSTHRU,null,JHEXAMPLE_SERVICE
journalprofile.scholarone.snapshot.dev,jprofPublicPrefilter,/api/jprof/public.*,/api/jprof/public,/journal-profile/public,null,FALSE,null,NOVALIDATE,null,journalprofile
journalprofile.scholarone.snapshot.dev,jprofRestrictedPrefilter,/api/jprof/restricted.*,/api/jprof/restricted,/journal-profile/restricted,null,FALSE,null,AUTH,null,journalprofile
kpagui.1p.snapshot.dev,kpaGuiPreFilter,/kpa.*,/kpa,/kpa,null,FALSE,null,PASSTHRU,null,KPA_FRONTEND
kpaguif1.1p.snapshot.dev,kpaGuiFb1PreFilter,/kpa.*,/kpa.*,/kpa,dev-snapshot-fb1.1p.thomsonreuters.com,FALSE,null,PASSTHRU,null,KPA_FRONTEND_FB1
kpaguif2.1p.snapshot.dev,kpaGuiFb2PreFilter,/kpa.*,/kpa.*,/kpa,dev-snapshot-fb2.1p.thomsonreuters.com,FALSE,null,PASSTHRU,null,KPA_FRONTEND_FB2
kpaguif3.1p.snapshot.dev,kpaGuiFb3PreFilter,/kpa.*,/kpa.*,/kpa,dev-snapshot-fb3.1p.thomsonreuters.com,FALSE,null,PASSTHRU,null,KPA_FRONTEND_FB3
kpaguif4.1p.snapshot.dev,kpaGuiFb4PreFilter,/kpa.*,/kpa.*,/kpa,dev-snapshot-fb4.1p.thomsonreuters.com,FALSE,null,PASSTHRU,null,KPA_FRONTEND_FB4
kpaguif5.1p.snapshot.dev,kpaGuiFb5PreFilter,/kpa.*,/kpa.*,/kpa,dev-snapshot-fb5.1p.thomsonreuters.com,FALSE,null,PASSTHRU,null,KPA_FRONTEND_FB5
kpaguif6.1p.snapshot.dev,kpaGuiFb6PreFilter,/kpa.*,/kpa.*,/kpa,dev-snapshot-fb6.1p.thomsonreuters.com,FALSE,null,PASSTHRU,null,KPA_FRONTEND_FB6
kpaservices.1p.snapshot.dev,kpaservicesPreFilter,/api/kpa-services/report.*,/api/kpa-services/report,/report,null,FALSE,null,NOAUTH,null,KPASERVICES
matchingservice.1p.snapshot.dev,matchingService,/api/match/.*,null,/match,null,FALSE,null,NOVALIDATE,null,MATCHING
matchingservice.1p.snapshot.dev,pubmatchingService,/api/pubmatch/.*,null,/pubmatch,null,FALSE,null,NOVALIDATE,null,MATCHING
mraservice.scholarone.snapshot.dev,mraPublicPrefilter,/api/mra/public.*,/api/mra/public,/public,null,FALSE,null,NOVALIDATE,null,mraservice
mraservice.scholarone.snapshot.dev,mraRestrictedPrefilter,/api/mra/.*,/api/mra,/,null,FALSE,null,AUTH,null,mraservice
npalerts.newport.snapshot.dev,cgiAlertsPreFilter,/api/generics/alerts.*,/api/generics,/,null,FALSE,null,AUTH,"CGI_ALERTS||""CGI_TST""",CGI_ALERTS
npalerts.newport.snapshot.dev,cgiAlertsInnerApiPreFilter,/api/generics/internal/api.*,/api/generics,/,null,FALSE,null,AUTH,CGI_TST,CGI_ALERTS
npapi.newport.snapshot.dev,cgiApiPreFilter,/api/generics/api.*,/api/generics,/,null,FALSE,null,AUTH,"CGI_GLOBAL||""CGI_PREMIUM""||""CGI_SOURCING""||""CGI_TST""",CGI_API
npcfgui.newport.snapshot.dev,cgiGuiPreFilter,/generics.*,/,/,null,FALSE,null,NOVALIDATE,null,CGI_FRONTEND
npcst.newport.snapshot.dev,cgiCstPreFilter,/api/generics/cst.*,/api/generics,/,null,FALSE,null,AUTH,"CGI_GLOBAL||""CGI_PREMIUM""||""CGI_SOURCING""||""CGI_TST""",CGI_CST
npexport.newport.snapshot.dev,cgiExportPreFilter,/api/generics/export.*,/api/generics,/,null,FALSE,null,AUTH,"CGI_GLOBAL||""CGI_PREMIUM""||""CGI_SOURCING""||""CGI_TST""",CGI_EXPORT
npmarketingui.newport.snapshot.dev,cgiMarketinguiPreFilter,/marketing/generics||/marketing/generics/.*||/ui/generics/marketing||/ui/generics/marketing/.*,/,/,null,FALSE,null,NOVALIDATE,null,CGI_MARKETINGUI
npmarketinguiFb1.newport.snapshot.dev,cgiMarketinguiFb1PreFilter,null,/,/,null,FALSE,null,NOVALIDATE,null,CGI_MARKETINGUI_FB1
nptoolproductselector.newport.snapshot.dev,cgiPstPreFilter,/api/generics/pst.*||/api/generics/pst/.*,/api/generics,/,null,FALSE,null,NOVALIDATE,null,CGI_PST
nptypeahead.newport.snapshot.dev,cgiTypeaheadPreFilter,/api/generics/suggest.*,null,/suggest,null,FALSE,null,AUTH,"CGI_GLOBAL||""CGI_PREMIUM""||""CGI_SOURCING""||""CGI_TST""",CGI_TYPEAHEAD
null,enwServices,/api/enwservices.*,/api/enwservices,/enwservices,null,FALSE,null,NOVALIDATE,null,ENW_SERVICE
null,zuulStatsPreFilter,/api/zuulStats.*,null,/zuulStats,null,FALSE,null,null,null,null
null,mapResolverPreFilter,/api/mapResolver.*,null,/mapResolver,null,FALSE,null,null,null,null
null,mapsResolverPreFilter,/api/mapsResolver.*,null,/mapsResolver,null,FALSE,null,null,null,null
null,errorObservabilityStatsPreFilter,/api/errorStats.*,null,/errorStats,null,FALSE,null,null,null,null
null,cleanCachePreFilter,/api/cacheClean.*,null,/cacheClean,null,FALSE,null,null,null,null
null,mwsAccess,/api/mws.*,/api/mws,/esti/json,null,FALSE,null,PASSTHRU,null,WOS_MWS_CLIENT
null,wosNxSessionServiceINT,null,null,null,null,FALSE,null,null,null,null
null,optionsMethodPreFilter,/api/_alert_email.*||/api/_consumer_application.*||/api/_execute.*||/api/example_service.*,null,/options_method,null,FALSE,null,null,null,null
null,kongProxyPreFilter,/nexgenpsa.*,/,/,null,FALSE,null,null,null,WOSRL_CDX
null,wosRRCSessionService,null,null,null,null,FALSE,null,null,null,null
null,wosSessionService,null,null,null,null,FALSE,null,null,null,null
null,alertsLambda,/api/cmc/alerts/kmp.*,null,/alerts/kmp,null,FALSE,null,null,null,CMC_ALERTS_LAMBDA
null,testLambda,/api/lambda/HelloWorld.*,null,/HelloWorld,null,FALSE,null,null,null,LAMBDA_HELLO
null,testLambdaInfo,/api/lambda/HelloWorldInfo.*,null,/HelloWorldInfo,null,FALSE,null,null,null,LAMBDA_HELLO_INFO
null,AuthRouterFilter,null,null,null,null,FALSE,null,null,null,null
null,sendResponseFilter,.*,null,null,null,FALSE,null,null,null,null
null,sendErrorFilter,.*,null,null,null,FALSE,null,null,null,null
null,optionsPreFilter,/api/entitlements.*||/api/groups.*||/api/profile/user.*,null,/options_method,null,FALSE,null,null,null,null
null,EntitlementPreFilter,/.*,null,null,null,FALSE,null,null,null,null
null,optionsPreFilter,/api/entitlements.*||/api/groups.*||/api/profile/user.*,null,/options_method,null,FALSE,null,null,null,null
null,RequestHeaderAndParameterSanitizationFilter,null,null,null,null,FALSE,null,null,null,null
null,DecorationPreFilter,/.*,null,null,null,FALSE,null,null,null,null
null,corsAuthHeaders,/.*,null,null,null,FALSE,null,null,null,null
null,optionsPreFilter,/api/entitlements.*||/api/groups.*||/api/profile/user.*,null,/options_method,null,FALSE,null,null,null,null
null,jifSessionService,null,null,null,null,FALSE,null,null,null,null
null,alertsLambda2,/api/cmc/alerts2/kmp.*,null,/alerts2/kmp,null,FALSE,null,null,null,CMC_ALERTS_LAMBDA2
null,innovationCloudPreFilter,/5g-sep-analyzer.*||/chemistry-research.*||/examiner-search.*,/,/,null,FALSE,null,null,null,INNOVATION_CLOUD_SERVICE
null,wosrlPrefilter,/wosrl.*,/,/,null,FALSE,null,null,null,WOSRL_CDX
null,kongExampleService,/api/kong_example_service.*,/api/kong_example_service,/eureka-test,null,FALSE,eurekaTestApiHeaders,PASSTHRU,null,KONG_EXAMPLE_SERVICE
null,eurekaTestApiHeaders,null,null,null,null,FALSE,null,null,null,null
null,optionsMethodPreFilter,/api/_alert_email.*||/api/_consumer_application.*||/api/_execute.*||/api/example_service.*,null,/options_method,null,FALSE,null,null,null,null
null,clientInfo,/api/clientinfo.*,null,/clientinfo,null,FALSE,null,NOVALIDATE,null,null
null,authClientInfo,/api/auth-clientinfo.*,null,/auth-clientinfo,null,FALSE,null,NOAUTH,null,null
null,inCitesSessionService,null,null,null,null,FALSE,null,null,null,null
null,RIBBON_SERVICE,null,null,null,null,FALSE,null,null,null,null
null,RIBBON_COMMAND,null,null,null,null,FALSE,null,null,null,null
null,ZUUL_INTERNAL,null,null,null,null,FALSE,null,null,null,null
null,ResponseHeaders,null,null,null,null,FALSE,null,null,null,null
null,CORSHeadersFilter,null,null,null,null,FALSE,null,null,null,null
publisherportaldataservice.scholarone.snapshot.dev,wppDataServicePreFilter,/api/wpp/.*,/api/wpp,/,null,FALSE,null,AUTH,null,WPP_DATA_SERVICE
rhwosauthui.1p.snapshot.dev,rhwosauthuiPreFilter,/rhwosauth.*,/rhwosauth,/,null,FALSE,null,NOVALIDATE,null,RH_WOSAUTH_UI
rrcfrontend.1p.snapshot.dev,rrcCurationFrontendSnapshot,/rrcc.*,/rrcc,/,null,FALSE,null,NOVALIDATE,null,RRCFRONTEND
s1ringgoldtypeahead.1p.snapshot.dev,s1suggestPreFilter,/api/s1/suggest.*,null,/s1/suggest,null,FALSE,null,NOAUTH,null,S1SUGGEST
sagemakerservice.1p.snapshot.dev,sagemakerservice,/api/sagemaker/.*,null,/sagemaker,null,FALSE,null,NOVALIDATE,null,SAGEMAKER
spmasterservices.1p.snapshot.dev,spmasterservicesService,/api/spmaster.*,null,/spmaster,null,FALSE,null,NOAUTH,null,SPMASTER
tisearchdsl.1p.snapshot.dev,tiSearchDslPreFilter,/api/tisearchdsl/v1.*,/api/tisearchdsl/v1,/,null,FALSE,null,NOVALIDATE,null,TISEARCHDSL
watfrontend.1p.snapshot.dev,watFrontendPreFilter,/author.*,/author,/,null,FALSE,null,NOVALIDATE,null,WAT_FRONTEND
wosalertingscheduler.wos.snapshot.dev,wascPreFilter,/wasc.*,/wasc,/,null,FALSE,null,NOVALIDATE,null,WASC
wosauthorrecommend.1p.snapshot.dev,wosAuthorRecommend,/api/author/.*,null,/author,null,FALSE,null,NOVALIDATE,null,WOSAUTHORRECOMMEND
wosauthorrecommend.1p.snapshot.dev,wosAuthorRecommendForWoSRRC,/api/rrc/author/.*,null,/author,null,FALSE,wosRRCSessionService,NOVALIDATE,null,WOSAUTHORRECOMMEND
wosauthorrecommend.1p.snapshot.dev,wosAuthorRecommendFromWoS,/api/wos/author/.*,null,/author,null,FALSE,wosSessionService,NOVALIDATE,null,WOSAUTHORRECOMMEND
wosauthorrecommend.1p.snapshot.dev,wosAuthorRecommendForCuration,/api/curation/author/.*,null,/author,null,FALSE,null,NOAUTH,null,WOSAUTHORRECOMMEND
wosauthorxform.1p.snapshot.dev,wosauthorxformFeedback,/api/feedback.*,null,/feedback,null,FALSE,null,NOVALIDATE,null,WOSAUTHORXFORM
wosauthorxform.1p.snapshot.dev,wosauthorxformServiceSnapshot,/api/researcher.*,null,/researcher,null,FALSE,null,AUTH,null,WOSAUTHORXFORM
wosauthorxform.1p.snapshot.dev,wosauthorxformServiceForWoSRRC,/api/rrc/researcher.*,null,/researcher,null,FALSE,wosRRCSessionService,NOVALIDATE,null,WOSAUTHORXFORM
wosauthorxform.1p.snapshot.dev,wosauthorxformServiceFromWoS,/api/wos/researcher.*,null,/researcher,null,FALSE,wosSessionService,NOVALIDATE,null,WOSAUTHORXFORM
wosjcrjif.wos.snapshot.dev,wosJcrJifAuthPreFilter,/api/jif.*,null,/jif,null,FALSE,jifSessionService,NOVALIDATE,null,WOSJCRJIF
wosjcrjif.wos.snapshot.dev,wosJcrJifPreFilter,/api/jcr/jif.*,null,/jif,null,FALSE,null,NOVALIDATE,null,WOSJCRJIF
wosjcrjiffrontend.1p.snapshot.dev,wosJcrJifFrontendPreFilter,/jif.*,/jif,/jif,null,FALSE,null,NOVALIDATE,null,WOSJCRJIF_FRONTEND
wosldservice.wos.snapshot.dev,wosldPreFilter,/api/wosdashboard.*,null,/wosdashboard,null,FALSE,null,AUTH,null,wosldClient
wosldui.wos.snapshot.dev,wosldFrontEndPreFilter,/wosdashboard.*,/wosdashboard,/,null,FALSE,null,NOVALIDATE,null,WOSLD_FRONTEND
woslinks.1p.snapshot.dev,links,/api/links.*,null,/links,null,TRUE,null,NOVALIDATE,null,links
wosnodealerting.wos.snapshot.dev,wosnodealertingPreFilter,/api/wosnodealerting.*,/api/wosnodealerting,/,null,FALSE,null,NOVALIDATE,null,WOSNODEALERTING
wosnxalerting.wos.snapshot.dev,wosNxAlertingCuration,/api/wos/curation.*,null,/curation,null,FALSE,null,NOVALIDATE,null,WOSNXALERTING
wosnxalerting.wos.snapshot.dev,wosNxAlerting,/api/wos/alerting.*,null,/alerting,null,FALSE,wosNxSessionServiceINT,NOVALIDATE,null,WOSNXALERTING
wosnxalerting.wos.snapshot.dev,wosNxMjl,/api/wos/mjl.*,null,/mjl,null,FALSE,wosNxSessionServiceINT,NOVALIDATE,null,WOSNXALERTING
wosnxcore.wos.snapshot.dev,wosNxCore,/api/wos/core.*,/api/wos/core,/,null,FALSE,wosNxSessionServiceINT,NOVALIDATE,null,WOSNXCORE
wosnxindic.wos.snapshot.dev,wosNxIndic,/api/wos/indic.*,/api/wos/indic,/,null,FALSE,wosNxSessionServiceINT,NOVALIDATE,null,WOSNXINDIC
wosnxshared.wos.snapshot.dev,wosNxShared,/api/wos/session.*,/api/wos/session,/shared/session,null,FALSE,wosNxSessionServiceINT,NOVALIDATE,null,WOSNXSHARED
wossearchaids.1p.snapshot.dev,wosSearchAidsFilter,/api/searchaids.*,null,/searchaids,null,FALSE,null,NOVALIDATE,null,wosSearchAidsClient
wosui.wos.snapshot.dev,wosuiPreFilter,/sqc.*,/sqc,/,null,FALSE,null,NOVALIDATE,null,WOS_UI
wppui.scholarone.snapshot.dev,wppuiPreFilter,/wpp.*,/wpp,/,null,FALSE,null,NOVALIDATE,null,WPP_UI
wppui.scholarone.snapshot.dev,pubportaluiPreFilter,/publisherportal.*,/publisherportal,/,null,FALSE,null,NOVALIDATE,null,WPP_UI
wuiseed.1p.snapshot.dev,wuiPreFilter,/wui.*,/wui,/,null,FALSE,null,NOVALIDATE,null,WUI_SEED
zuultestservice.1p.snapshot.dev,zuultest,/api/test/.*,null,/test,null,FALSE,null,NOAUTH,null,ZUULTESTSERVICE