Name,RoutePath,FilterPath,TargetPath,Hosts,IP Restriction,SubFilters,AuthType,Entitlements,ClientName,vipAddress
sendResponseFilter,.*,null,null,null,FALSE,null,null,null,null,null
sendErrorFilter,.*,null,null,null,FALSE,null,null,null,null,null
frontendPreFilter,/.*,/.*,/,projectne.thomsonreuters.com,FALSE,null,NOVALIDATE,null,1P_APP_BROKER,1pappbroker.${archaius.deployment.stack}.${archaius.deployment.subenvironment}.${archaius.deployment.environment}
frontendLabsPreFilter,/.*,/.*,/,labs.projectne.thomsonreuters.com,FALSE,null,NOVALIDATE,null,1P_FRONTEND_LABS,1pfrontendlabs.${archaius.deployment.stack}.${archaius.deployment.subenvironment}.${archaius.deployment.environment}
AuthMicroSiteNgxPreFilter,/.*,/,/,null,FALSE,null,NOVALIDATE,null,1P_MICROUI_LOGIN_NGX,1pmicrouiloginngx.${archaius.deployment.stack}.${archaius.deployment.subenvironment}.${archaius.deployment.environment}
EntitlementPreFilter,/.*,null,null,null,FALSE,null,null,null,null,null
DecorationPreFilter,/.*,null,null,null,FALSE,null,null,null,null,null
AuthMicroSitePreFilter,/.*||/account.*,/.*,/,access-eu.clarivate.com,FALSE,null,NOVALIDATE,null,1P_MICROUI_LOGIN,1pmicrouilogin.${archaius.deployment.stack}.${archaius.deployment.subenvironment}.${archaius.deployment.environment}
innovationCloudPreFilter,/5g-sep-analyzer.*||/chemistry-research.*||/examiner-search.*,/,/,null,FALSE,null,null,null,INNOVATION_CLOUD_SERVICE,null
aaaPreFilter,/aaa.*,/aaa,/,null,TRUE,null,NOVALIDATE,null,ALERTS_ADMIN,alertsadmin.${archaius.deployment.stack}.${archaius.deployment.subenvironment}.${archaius.deployment.environment}
accountUIPreFilter,/account.*,/account.*,/,apps.clarivate.com||apps.publons.com,FALSE,null,NOVALIDATE,null,1P_MICROUI_ACCOUNT,1pmicrouiaccount.${archaius.deployment.stack}.${archaius.deployment.subenvironment}.${archaius.deployment.environment}
1palertmanagerPreFilter,/alerts.*,null,/alerts,null,FALSE,null,NOVALIDATE,null,ALERTMANAGER,1palertmanager.${archaius.deployment.stack}.${archaius.deployment.subenvironment}.${archaius.deployment.environment}
aaaAlertEmail,/api/_alert_email.*,null,/_alert_email,null,TRUE,CORSHeadersFilter,AUTH,null,ALERTMANAGER,1palertmanager.${archaius.deployment.stack}.${archaius.deployment.subenvironment}.${archaius.deployment.environment}
optionsMethodPreFilter,/api/_alert_email.*||/api/_consumer_application.*||/api/_execute.*,null,/options_method,null,FALSE,null,null,null,null,null
aaaConsumerApplication,/api/_consumer_application.*,null,/_consumer_application,null,TRUE,CORSHeadersFilter,AUTH,null,ALERTMANAGER,1palertmanager.${archaius.deployment.stack}.${archaius.deployment.subenvironment}.${archaius.deployment.environment}
aaaExecute,/api/_execute.*,null,/_execute,null,TRUE,CORSHeadersFilter,AUTH,null,ALERTMANAGER,1palertmanager.${archaius.deployment.stack}.${archaius.deployment.subenvironment}.${archaius.deployment.environment}
accountPreFilter,/api/account.*,null,/account,null,FALSE,null,null,null,AUTH,1pauth.${archaius.deployment.stack}.${archaius.deployment.subenvironment}.${archaius.deployment.environment}
accountAuthPreFilter,/api/account/auth.*,null,/account,null,FALSE,null,AUTH,null,AUTH,1pauth.${archaius.deployment.stack}.${archaius.deployment.subenvironment}.${archaius.deployment.environment}
forgotpasswordPreFilter,/api/account/forgotpassword.*,/api/account/forgotpassword.*,/account,(.*)[.]clarivate.com||(.*)[.]cortellis.cn||(.*)[.]cortellis.com||(.*)[.]derwentinnovation.com||(.*)[.]myendnoteweb.com||(.*)[.]oneplatform.build||(.*)[.]publons.com||(.*)[.]thomson.com||(.*)[.]thomsonreuters.com,FALSE,null,null,null,AUTH,1pauth.${archaius.deployment.stack}.${archaius.deployment.subenvironment}.${archaius.deployment.environment}
accountGenlinkAuthPreFilter,/api/account/genlink.*,null,/account/genlink,null,FALSE,null,AUTH,null,AUTH,1pauth.${archaius.deployment.stack}.${archaius.deployment.subenvironment}.${archaius.deployment.environment}
appreciationService,/api/appreciation.*,null,/appreciation,null,FALSE,null,AUTH,null,AUTHORING,1pauthoring.${archaius.deployment.stack}.${archaius.deployment.subenvironment}.${archaius.deployment.environment}
arcMatchingService,/api/arc/.*,null,/arc,null,FALSE,null,AUTH,null,ARCMATCHING,arcmatchingservice.${archaius.deployment.stack}.${archaius.deployment.subenvironment}.${archaius.deployment.environment}
authClientInfo,/api/auth-clientinfo.*,null,/auth-clientinfo,null,FALSE,null,NOAUTH,null,null,null
accountSettingsPreFilter,/api/auth/accountsettings,null,/auth/accountsettings,null,FALSE,null,AUTH,null,AUTH,1pauth.${archaius.deployment.stack}.${archaius.deployment.subenvironment}.${archaius.deployment.environment}
registerPreFilter,/api/auth/register,null,/auth/register,null,FALSE,null,NOVALIDATE,null,AUTH,1pauth.${archaius.deployment.stack}.${archaius.deployment.subenvironment}.${archaius.deployment.environment}
passwordPreFilter,/api/auth/resetpassword,null,/auth/resetpassword,null,FALSE,null,NOVALIDATE,null,AUTH,1pauth.${archaius.deployment.stack}.${archaius.deployment.subenvironment}.${archaius.deployment.environment}
wosAuthorRecommend,/api/author/.*,null,/author,null,FALSE,null,AUTH,null,WOSAUTHORRECOMMEND,wosauthorrecommend.${archaius.deployment.stack}.${archaius.deployment.subenvironment}.${archaius.deployment.environment}
authoringMediaService,/api/authoring-media.*,null,/authoring-media,null,FALSE,null,AUTH,null,AUTHORING,1pauthoring.${archaius.deployment.stack}.${archaius.deployment.subenvironment}.${archaius.deployment.environment}
authoringMediaServiceNoValidate,/api/authoring-media/[a-fA-F0-9-]+$,null,/authoring-media,null,FALSE,null,NOVALIDATE,null,AUTHORING,1pauthoring.${archaius.deployment.stack}.${archaius.deployment.subenvironment}.${archaius.deployment.environment}
oauthPreFilter,/api/authorize.*,null,/authorize,null,FALSE,null,null,null,AUTH,1pauth.${archaius.deployment.stack}.${archaius.deployment.subenvironment}.${archaius.deployment.environment}
oauthSocialMergePreFilter,/api/authorize/auth,null,/authorize,null,FALSE,null,AUTH,null,AUTH,1pauth.${archaius.deployment.stack}.${archaius.deployment.subenvironment}.${archaius.deployment.environment}
ccauthorshipService,/api/authorship.*,null,/authorship,null,FALSE,null,AUTH,null,AUTHORSHIP,ccauthorshipresolution.${archaius.deployment.stack}.${archaius.deployment.subenvironment}.${archaius.deployment.environment}
ccauthorshipIdsByDateRange,/api/authorship/feedback/extract/ids.*,null,/authorship/feedback/extract/ids,null,FALSE,null,NOAUTH,null,AUTHORSHIP,ccauthorshipresolution.${archaius.deployment.stack}.${archaius.deployment.subenvironment}.${archaius.deployment.environment}
ccauthorshipSingleFeedbackService,/api/authorship/feedback/extract/single.*,null,/authorship/feedback/extract/single,null,FALSE,null,NOAUTH,null,AUTHORSHIP,ccauthorshipresolution.${archaius.deployment.stack}.${archaius.deployment.subenvironment}.${archaius.deployment.environment}
ccauthorshipResolve,/api/authorship/resolve.*,null,/authorship/resolve,null,FALSE,null,NOAUTH,null,AUTHORSHIP,ccauthorshipresolution.${archaius.deployment.stack}.${archaius.deployment.subenvironment}.${archaius.deployment.environment}
bridgeService,/api/bridge.*,null,/bridge,null,FALSE,null,AUTH,null,BRIDGECLIENT,1pappbridge.${archaius.deployment.stack}.${archaius.deployment.subenvironment}.${archaius.deployment.environment}
mwsBridge,/api/bridge/mws/.*,null,/bridge/mws,null,FALSE,null,NOVALIDATE,null,MWSBRIDGE,1pmwsbridge.${archaius.deployment.stack}.${archaius.deployment.subenvironment}.${archaius.deployment.environment}
browseOntologyDataPreFilter,/api/browseOntologyData.*,null,/browseOntologyData,null,FALSE,null,AUTH,null,CORTELLISONTOLOGYAPI,cortellisontologyapi.cortellis.produs.${archaius.deployment.environment}
cortellisRetrieveDataPreFilterForBrowse,/api/browseRetrieveData.*,null,/browseRetrieveData,null,FALSE,null,AUTH,null,CORTELLISRETRIEVEAPI,cortellisretrieveapi.cortellis.produs.${archaius.deployment.environment}
1pcachePreFilter,/api/cache/igr.*,/api/cache/igr,/,null,FALSE,null,NOVALIDATE,null,1PCACHE,1pcache.${archaius.deployment.stack}.${archaius.deployment.subenvironment}.${archaius.deployment.environment}
cleanCachePreFilter,/api/cacheClean.*,null,/cacheClean,null,FALSE,null,null,null,null,null
cddiAnalyticsCalculationsPreFilter,/api/cddi/analytics/calculations.*,null,/calculations,null,FALSE,null,AUTH,CDDI_CDDI,CDDIANALYTICS,CDDIANALYTICS.${archaius.deployment.stack}.${archaius.deployment.subenvironment}.${archaius.deployment.environment}
cddiAnalyticsCountsPreFilter,/api/cddi/analytics/counts.*,null,/counts,null,FALSE,null,AUTH,CDDI_CDDI,CDDIANALYTICS,CDDIANALYTICS.${archaius.deployment.stack}.${archaius.deployment.subenvironment}.${archaius.deployment.environment}
cddiAnalyticsFilterByValueRangePreFilter,/api/cddi/analytics/range/filter.*,null,/range/filter,null,FALSE,null,AUTH,CDDI_CDDI,CDDIANALYTICS,CDDIANALYTICS.${archaius.deployment.stack}.${archaius.deployment.subenvironment}.${archaius.deployment.environment}
cddiconfigPreFilter,/api/cddi/config.*,null,/config,null,FALSE,null,AUTH,CDDI_CDDI,CDDICONFIG,CDDICONFIG.${archaius.deployment.stack}.${archaius.deployment.subenvironment}.${archaius.deployment.environment}
cdditableCountsPreFilter,/api/cddi/counts.*,null,/counts,null,FALSE,null,AUTH,CDDI_CDDI,CDDITABLE,CDDITABLE.${archaius.deployment.stack}.${archaius.deployment.subenvironment}.${archaius.deployment.environment}
cddiexportPreFilter,/api/cddi/export.*,null,/export,null,FALSE,null,AUTH,CDDI_CDDI,CDDIEXPORT,CDDIEXPORT.${archaius.deployment.stack}.${archaius.deployment.subenvironment}.${archaius.deployment.environment}
cddifiltersPreFilter,/api/cddi/filters.*,null,/filters,null,FALSE,null,AUTH,CDDI_CDDI,CDDIFILTERS,CDDIFILTERS.${archaius.deployment.stack}.${archaius.deployment.subenvironment}.${archaius.deployment.environment}
cdditableIdsPreFilter,/api/cddi/ids.*,null,/ids,null,FALSE,null,AUTH,CDDI_CDDI,CDDITABLE,CDDITABLE.${archaius.deployment.stack}.${archaius.deployment.subenvironment}.${archaius.deployment.environment}
cddiontologiesPreFilter,/api/cddi/ontologies.*,null,/ontologies,null,FALSE,null,AUTH,CDDI_CDDI,CDDIONTOLOGIES,CDDIONTOLOGIES.${archaius.deployment.stack}.${archaius.deployment.subenvironment}.${archaius.deployment.environment}
cdditablePreFilter,/api/cddi/table.*,null,/table,null,FALSE,null,AUTH,CDDI_CDDI,CDDITABLE,CDDITABLE.${archaius.deployment.stack}.${archaius.deployment.subenvironment}.${archaius.deployment.environment}
censubPublicPrefilter,/api/censub/public.*,/api/censub/public,/central-submission/public,null,FALSE,null,NOVALIDATE,null,centralsubmission,centralsubmission.scholarone.${archaius.deployment.subenvironment}.${archaius.deployment.environment}
censubRestrictedPrefilter,/api/censub/restricted.*,/api/censub/restricted,/central-submission/restricted,null,FALSE,null,AUTH,null,centralsubmission,centralsubmission.scholarone.${archaius.deployment.subenvironment}.${archaius.deployment.environment}
claimingService,/api/claiming.*,null,/claiming,null,FALSE,null,AUTH,null,CLAIMING,1pclaiming.${archaius.deployment.stack}.${archaius.deployment.subenvironment}.${archaius.deployment.environment}
clientInfo,/api/clientinfo.*,null,/clientinfo,null,FALSE,null,NOVALIDATE,null,null,null
cmcapiPreFilter,/api/cmc/services.*,null,/,null,FALSE,null,AUTH,"CMC_BIO_REG||""CMC_REG""",CMCAPI,cmcapi.${archaius.deployment.stack}.${archaius.deployment.subenvironment}.${archaius.deployment.environment}
cmcchangehistoryPreFilter,/api/cmcchangehistory.*,null,/,null,FALSE,null,NOVALIDATE,null,CMCCHANGEHISTORY,cmcchangehistory.${archaius.deployment.stack}.${archaius.deployment.subenvironment}.${archaius.deployment.environment}
cnnPreFilter,/api/cnn.*,/api/cnn,/,null,FALSE,null,NOVALIDATE,null,CNN,null
commentsService,/api/comments.*,null,/comments,null,FALSE,null,AUTH,null,AUTHORING,1pauthoring.${archaius.deployment.stack}.${archaius.deployment.subenvironment}.${archaius.deployment.environment}
landingPageConfigFilter,/api/configEiddo.*,null,/configEiddo,null,FALSE,null,AUTH,null,CORTELLISCONFIGURATIONAPI,cortellisconfigurationapi.cortellis.produs.${archaius.deployment.environment}
landingPageToolsConfigPreFilter,/api/configLandingPageTools.*,null,/configLandingPageTools,null,FALSE,null,AUTH,null,CORTELLISCONFIGURATIONAPI,cortellisconfigurationapi.cortellis.produs.${archaius.deployment.environment}
cortellisconfigurationapiPreFilter,/api/configtestget.*,null,/configtestget,null,FALSE,null,AUTH,null,CORTELLISCONFIGURATIONAPI,cortellisconfigurationapi.cortellis.produs.${archaius.deployment.environment}
containerPreFilter,/api/container/v2/container.*,/api/container/v2/container,/container,null,FALSE,null,AUTH,null,CONTAINER,1pcontainer.${archaius.deployment.stack}.${archaius.deployment.subenvironment}.${archaius.deployment.environment}
containerNoAuthPreFilter,/api/container/v3/container.*,/api/container/v3/container,/container,null,FALSE,null,NOAUTH,null,CONTAINER,1pcontainer.${archaius.deployment.stack}.${archaius.deployment.subenvironment}.${archaius.deployment.environment}
watchlistV2PreListsAuth,/api/containers.*,null,/containers,null,FALSE,null,AUTH,null,WATCHV2,1pwatchlistra.${archaius.deployment.stack}.${archaius.deployment.subenvironment}.${archaius.deployment.environment}
cortellisalertapiPreFilter,/api/cortellis/alert.*,/api/cortellis/alert,/cortellisalert,null,FALSE,null,AUTH,null,CORTELLISALERTAPI,cortellisalertapi.cortellis.produs.${archaius.deployment.environment}
cortellisautocompleteapiPreFilter,/api/cortellis/autocomplete.*,/api/cortellis/autocomplete,/cortellisautocomplete,null,FALSE,null,AUTH,null,CORTELLISAUTOCOMPLETEAPI,cortellisautocompleteapi.cortellis.produs.${archaius.deployment.environment}
cortellisConfigurationPreFilter,/api/cortellis/configuration.*,/api/cortellis/configuration,/cortellisconfigurationapi,null,FALSE,null,AUTH,null,CORTELLISCONFIGURATIONAPI,cortellisconfigurationapi.cortellis.produs.${archaius.deployment.environment}
cortellisexportsearchapiPreFilter,/api/cortellis/export.*,/api/cortellis/export,/cortellisexport,null,FALSE,null,AUTH,null,CORTELLISEXPORTSEARCHAPI,cortellisexportsearchapi.cortellis.produs.${archaius.deployment.environment}
cortellisOntologyGenericFilter,/api/cortellis/ontology.*,/api/cortellis/ontology,/cortellisontology,null,FALSE,null,AUTH,null,CORTELLISONTOLOGYAPI,cortellisontologyapi.cortellis.produs.${archaius.deployment.environment}
cortellisretrieveapiGenericPreFilter,/api/cortellis/retrieve.*,/api/cortellis/retrieve,/cortellisretrieve,null,FALSE,null,AUTH,null,CORTELLISRETRIEVEAPI,cortellisretrieveapi.cortellis.produs.${archaius.deployment.environment}
cortellisSearchPreFilter,/api/cortellis/search/.*,null,/cortellissearchapi,null,FALSE,null,AUTH,null,CORTELLISSEARCHAPI,cortellissearchapi.cortellis.produs.${archaius.deployment.environment}
cortellisuserdetailsapiPreFilter,/api/cortellis/userdetails.*,/api/cortellis/userdetails,/cortellisuserdetails,null,FALSE,null,AUTH,null,CORTELLISUSERDETAILSAPI,cortellisuserdetailsapi.cortellis.produs.${archaius.deployment.environment}
wosAuthorRecommendForCuration,/api/curation/author/.*,null,/author,null,FALSE,null,NOAUTH,null,WOSAUTHORRECOMMEND,wosauthorrecommend.${archaius.deployment.stack}.${archaius.deployment.subenvironment}.${archaius.deployment.environment}
decorator,/api/decorator/.*,null,/decorator,null,FALSE,null,AUTH,null,DECORATOR,1pdecorator.${archaius.deployment.stack}.${archaius.deployment.subenvironment}.${archaius.deployment.environment}
draexplorePreFilter,/api/dra-dd/explore.*,null,/explore/drugs,null,FALSE,null,AUTH,DRA_DRUG_DESIGN,DRADDEXPLORATION,draddexploration.${archaius.deployment.stack}.${archaius.deployment.subenvironment}.${archaius.deployment.environment}
draexploreHealthCheckPreFilter,/api/dra-dd/healthcheck.*,null,/healthcheck,null,FALSE,null,AUTH:500,DRA_DRUG_DESIGN,DRADDEXPLORATION,draddexploration.${archaius.deployment.stack}.${archaius.deployment.subenvironment}.${archaius.deployment.environment}
draTdExplorationFilter,/api/dra-td/exploration.*,null,/exploration,null,FALSE,null,AUTH,DRA_TARGET_DRUG,DRATDEXPLORATION,dratdexploration.${archaius.deployment.stack}.${archaius.deployment.subenvironment}.${archaius.deployment.environment}
draTdHealthCheckPreFilter,/api/dra-td/healthcheck.*,null,/healthcheck,null,FALSE,null,AUTH:500,DRA_TARGET_DRUG,DRATDENTITY,dratdentity.${archaius.deployment.stack}.${archaius.deployment.subenvironment}.${archaius.deployment.environment}
draTdScorePreFilter,/api/dra-td/score.*,null,/score,null,FALSE,null,AUTH,DRA_TARGET_DRUG,DRATDSCORE,dratdscore.${archaius.deployment.stack}.${archaius.deployment.subenvironment}.${archaius.deployment.environment}
draTdEntityAggregationsPreFilter,/api/dra/analytics/aggregations.*,null,/aggregations,null,FALSE,null,AUTH,DRA_TARGET_DRUG,DRATDENTITY,dratdentity.${archaius.deployment.stack}.${archaius.deployment.subenvironment}.${archaius.deployment.environment}
draTdEntityDecoratorPreFilter,/api/dra/analytics/entity/decorator.*,null,/entity/decorator,null,FALSE,null,AUTH,DRA_TARGET_DRUG,DRATDENTITY,dratdentity.${archaius.deployment.stack}.${archaius.deployment.subenvironment}.${archaius.deployment.environment}
draanalyticsEvidenceListPreFilter,/api/dra/analytics/geneticEvidenceList.*,null,/geneticEvidenceList,null,FALSE,null,AUTH,DRA_TARGET_DRUG,DRAANALYTICS,draanalytics.${archaius.deployment.stack}.${archaius.deployment.subenvironment}.${archaius.deployment.environment}
draTdEntityGraphicPreFilter,/api/dra/analytics/graphic.*,null,/graphic,null,FALSE,null,AUTH,DRA_TARGET_DRUG,DRATDENTITY,dratdentity.${archaius.deployment.stack}.${archaius.deployment.subenvironment}.${archaius.deployment.environment}
draanalyticsOntologiesPreFilter,/api/dra/analytics/ontologies.*,null,/ontologies,null,FALSE,null,AUTH,DRA_TARGET_DRUG,DRAANALYTICS,draanalytics.${archaius.deployment.stack}.${archaius.deployment.subenvironment}.${archaius.deployment.environment}
draTdEntityRelatedEntitiesPreFilter,/api/dra/analytics/related/entities.*,null,/related/entities,null,FALSE,null,AUTH,DRA_TARGET_DRUG,DRATDENTITY,dratdentity.${archaius.deployment.stack}.${archaius.deployment.subenvironment}.${archaius.deployment.environment}
draanalyticsSearchPreFilter,/api/dra/analytics/search.*,null,/search,null,FALSE,null,AUTH,"DRA_DRUG_DESIGN||""DRA_TARGET_DRUG""",DRAANALYTICS,draanalytics.${archaius.deployment.stack}.${archaius.deployment.subenvironment}.${archaius.deployment.environment}
draddapiPreFilter,/api/dra/dd/gui/services.*,null,/,null,FALSE,null,AUTH,DRA_DRUG_DESIGN,DRADDAPI,draddapi.${archaius.deployment.stack}.${archaius.deployment.subenvironment}.${archaius.deployment.environment}
draentityPreFilter,/api/dra/entity.*,null,/entity/drug,null,FALSE,null,AUTH,null,DRADDENTITY,draddentity.${archaius.deployment.stack}.${archaius.deployment.subenvironment}.${archaius.deployment.environment}
draExcelExportPreFilter,/api/dra/excel/export.*,null,/export,null,FALSE,null,AUTH,DRA_TARGET_DRUG,DRAEXCELEXPORT,draexcelexport.${archaius.deployment.stack}.${archaius.deployment.subenvironment}.${archaius.deployment.environment}
drasdfexportPreFilter,/api/dra/export/sdf,/api/dra/export/sdf,/export/sdf,null,FALSE,null,NOVALIDATE,null,DRASDFEXPORT,drasdfexport.${archaius.deployment.stack}.${archaius.deployment.subenvironment}.${archaius.deployment.environment}
drasearchHealthCheckPreFilter,/api/dra/healthcheck.*,null,/healthcheck,null,FALSE,null,AUTH:500,"DRA_DRUG_DESIGN||""DRA_TARGET_DRUG""",DRASEARCH,drasearch.${archaius.deployment.stack}.${archaius.deployment.subenvironment}.${archaius.deployment.environment}
draanalyticsHealthCheckPreFilter,/api/dra/healthcheck.*,null,/healthcheck,null,FALSE,null,AUTH:500,"DRA_DRUG_DESIGN||""DRA_TARGET_DRUG""",DRAANALYTICS,draanalytics.${archaius.deployment.stack}.${archaius.deployment.subenvironment}.${archaius.deployment.environment}
drasearchPreFilter,/api/dra/search.*,null,/dra/search,null,FALSE,null,AUTH,"DRA_DRUG_DESIGN||""DRA_TARGET_DRUG""",DRASEARCH,drasearch.${archaius.deployment.stack}.${archaius.deployment.subenvironment}.${archaius.deployment.environment}
dratypeaheadPreFilter,/api/dra/suggest.*,null,/suggest,null,FALSE,null,AUTH,"DRA_DRUG_DESIGN||""DRA_TARGET_DRUG""",DRATYPEAHEAD,dratypeahead.${archaius.deployment.stack}.${archaius.deployment.subenvironment}.${archaius.deployment.environment}
dratdguiservicesPreFilter,/api/dra/td/gui/services.*,null,/,null,FALSE,null,AUTH,DRA_TARGET_DRUG,DRATDGUISERVICES,dratdguiservices.${archaius.deployment.stack}.${archaius.deployment.subenvironment}.${archaius.deployment.environment}
draftService,/api/drafts.*,null,/drafts,null,FALSE,null,AUTH,null,AUTHORING,1pauthoring.${archaius.deployment.stack}.${archaius.deployment.subenvironment}.${archaius.deployment.environment}
emailAuthPreFilter,/api/email.*,null,/email,null,FALSE,null,AUTH,null,AUTH,1pauth.${archaius.deployment.stack}.${archaius.deployment.subenvironment}.${archaius.deployment.environment}
emailPreFilter,/api/email/confirm.*,null,/email,null,FALSE,null,null,null,AUTH,1pauth.${archaius.deployment.stack}.${archaius.deployment.subenvironment}.${archaius.deployment.environment}
entitlements,/api/entitlements.*,null,/entitlements,null,FALSE,CORSHeadersFilter,AUTH,null,ENT,1PENTITLEMENTS.${archaius.deployment.stack}.${archaius.deployment.subenvironment}.${archaius.deployment.environment}
optionsPreFilter,/api/entitlements.*||/api/groups.*||/api/profile/user.*,null,/options_method,null,FALSE,null,null,null,null,null
optionsPreFilter,/api/entitlements.*||/api/groups.*||/api/profile/user.*,null,/options_method,null,FALSE,null,null,null,null,null
optionsPreFilter,/api/entitlements.*||/api/groups.*||/api/profile/user.*,null,/options_method,null,FALSE,null,null,null,null,null
errorObservabilityStatsPreFilter,/api/errorStats.*,null,/errorStats,null,FALSE,null,null,null,null,null
exampleService,/api/example_service.*,/api/example_service,/,null,FALSE,null,NOVALIDATE,null,EXAMPLE_SERVICE,1pexampleservice.${archaius.deployment.stack}.${archaius.deployment.subenvironment}.${archaius.deployment.environment}
experiment,/api/experiment.*,null,/experiment,null,FALSE,null,NOAUTH,null,EXP,1pexp.${archaius.deployment.stack}.${archaius.deployment.subenvironment}.${archaius.deployment.environment}
exportPreFilter,/api/export/.*,/api/export,/export,null,FALSE,null,NOVALIDATE,null,1PEXPORT,1pexport.${archaius.deployment.stack}.${archaius.deployment.subenvironment}.${archaius.deployment.environment}
configLandingPageHeaderPreFilter,/api/featureConfig.*,null,/featureConfig,null,FALSE,null,AUTH,null,CORTELLISCONFIGURATIONAPI,cortellisconfigurationapi.cortellis.produs.${archaius.deployment.environment}
wosauthorxformFeedback,/api/feedback.*,null,/feedback,null,FALSE,null,NOVALIDATE,null,WOSAUTHORXFORMPROD,wosauthorxform.${archaius.deployment.stack}.${archaius.deployment.subenvironment}.${archaius.deployment.environment}
cortellisLandingPageConfigPreFilter,/api/fetchLandingPageConfig.*,null,/fetchLandingPageConfig,null,FALSE,null,AUTH,null,CORTELLISSEARCHAPI,cortellissearchapi.cortellis.produs.${archaius.deployment.environment}
followService,/api/follow.*,null,/follow,null,FALSE,null,AUTH,null,FOLLOWING,1pfollow.${archaius.deployment.stack}.${archaius.deployment.subenvironment}.${archaius.deployment.environment}
linksGatewayPrefilter,/api/gateway.*,null,/gateway,null,FALSE,null,NOVALIDATE,null,LINKS-GATEWAY,1plinksgateway.${archaius.deployment.stack}.${archaius.deployment.subenvironment}.${archaius.deployment.environment}
cgiAlertsPreFilter,/api/generics/alerts.*,/api/generics,/,null,FALSE,null,AUTH,"CGI_ALERTS||""CGI_TST""",CGI_ALERTS,npalerts.newport.produs.${archaius.deployment.environment}
cgiApiPreFilter,/api/generics/api.*,/api/generics,/,null,FALSE,null,AUTH,"CGI_GLOBAL||""CGI_PREMIUM""||""CGI_SOURCING""||""CGI_TST""",CGI_API,npapi.newport.produs.${archaius.deployment.environment}
cgiExportPreFilter,/api/generics/export.*,/api/generics,/,null,FALSE,null,AUTH,"CGI_GLOBAL||""CGI_PREMIUM""||""CGI_SOURCING""||""CGI_TST""",CGI_EXPORT,npexport.newport.produs.${archaius.deployment.environment}
cgiAlertsInnerApiPreFilter,/api/generics/internal/api.*,/api/generics,/,null,FALSE,null,AUTH,CGI_TST,CGI_ALERTS,npalerts.newport.produs.${archaius.deployment.environment}
cgiTypeaheadPreFilter,/api/generics/suggest.*,null,/suggest,null,FALSE,null,AUTH,"CGI_GLOBAL||""CGI_PREMIUM""||""CGI_SOURCING""||""CGI_TST""",CGI_TYPEAHEAD,nptypeahead.newport.produs.${archaius.deployment.environment}
userDetailsFilter,/api/getUserDetails.*,null,/getUserDetails,null,FALSE,null,AUTH,null,CORTELLISCONFIGURATIONAPI,cortellisconfigurationapi.cortellis.produs.${archaius.deployment.environment}
groups,/api/groups.*,null,/groups,null,FALSE,CORSHeadersFilter,NOVALIDATE,null,1P_GROUPS,1pgroups.${archaius.deployment.stack}.${archaius.deployment.subenvironment}.${archaius.deployment.environment}
cortellisHeaderConfPreFilter,/api/headerConfig.*,null,/headerConfig,null,FALSE,null,AUTH,null,CORTELLISSEARCHAPI,cortellissearchapi.cortellis.produs.${archaius.deployment.environment}
igralertsPreFilter,/api/igr/alerts.*,/api/igr/alerts,/,null,FALSE,null,AUTH,CDDI_CDDI,IGRALERTS,IGRALERTS.${archaius.deployment.stack}.${archaius.deployment.subenvironment}.${archaius.deployment.environment}
igrentityPreFilter,/api/igr/entity.*,null,/entity,null,FALSE,null,AUTH,CDDI_CDDI,IGRENTITY,IGRENTITY.${archaius.deployment.stack}.${archaius.deployment.subenvironment}.${archaius.deployment.environment}
igrtableExportPreFilter,/api/igr/export.*,null,/export,null,FALSE,null,AUTH,CDDI_CDDI,IGRTABLE,IGRTABLE.${archaius.deployment.stack}.${archaius.deployment.subenvironment}.${archaius.deployment.environment}
igroverviewFilterPreFilter,/api/igr/filter.*,null,/filter,null,FALSE,null,AUTH,CDDI_CDDI,IGROVERVIEW,IGROVERVIEW.${archaius.deployment.stack}.${archaius.deployment.subenvironment}.${archaius.deployment.environment}
igrfiltersPreFilter,/api/igr/filters.*,null,/filters,null,FALSE,null,AUTH,CDDI_CDDI,IGRFILTERS,IGRFILTERS.${archaius.deployment.stack}.${archaius.deployment.subenvironment}.${archaius.deployment.environment}
igroverviewPreFilter,/api/igr/overview.*,null,/overview,null,FALSE,null,AUTH,CDDI_CDDI,IGROVERVIEW,IGROVERVIEW.${archaius.deployment.stack}.${archaius.deployment.subenvironment}.${archaius.deployment.environment}
igroverviewConfigPreFilter,/api/igr/overview/config.*,null,/config,null,FALSE,null,AUTH,CDDI_CDDI,IGROVERVIEW,IGROVERVIEW.${archaius.deployment.stack}.${archaius.deployment.subenvironment}.${archaius.deployment.environment}
igrsearchPingPreFilter,/api/igr/overview/ping,null,/ping,null,FALSE,null,AUTH,CDDI_CDDI,IGROVERVIEW,IGROVERVIEW.${archaius.deployment.stack}.${archaius.deployment.subenvironment}.${archaius.deployment.environment}
igrrelatedContentPreFilter,/api/igr/related-content.*,null,/related-content,null,FALSE,null,AUTH,CDDI_CDDI,IGRRELATEDCONTENT,IGRRELATEDCONTENT.${archaius.deployment.stack}.${archaius.deployment.subenvironment}.${archaius.deployment.environment}
igroverviewSearchPreFilter,/api/igr/search.*,null,/search,null,FALSE,null,AUTH,CDDI_CDDI,IGROVERVIEW,IGROVERVIEW.${archaius.deployment.stack}.${archaius.deployment.subenvironment}.${archaius.deployment.environment}
igrTypeaheadPreFilter,/api/igr/suggest.*,/api/igr/suggest,/suggest,null,FALSE,null,AUTH,CDDI_CDDI,IGRTYPEAHEAD,igrtypeahead.${archaius.deployment.stack}.${archaius.deployment.subenvironment}.${archaius.deployment.environment}
igrtablePreFilter,/api/igr/table.*,null,/table,null,FALSE,null,AUTH,CDDI_CDDI,IGRTABLE,IGRTABLE.${archaius.deployment.stack}.${archaius.deployment.subenvironment}.${archaius.deployment.environment}
iipEdgePreFilter,/api/iip/.*,null,/iip,null,FALSE,inCitesSessionService,NOVALIDATE,null,IIP_EDGE,iipedge.${archaius.deployment.stack}.${archaius.deployment.subenvironment}.${archaius.deployment.environment}
iipEdgeExportPdfPreFilter,/api/iipexport/.*,null,/iipexport,null,FALSE,inCitesSessionService,NOVALIDATE,null,IIP_EDGE_EXPORT_PDF,iipedgeexportpdf.${archaius.deployment.stack}.${archaius.deployment.subenvironment}.${archaius.deployment.environment}
invites,/api/invites.*,null,/invites,null,FALSE,null,NOVALIDATE,null,1P_GROUPS,1pgroups.${archaius.deployment.stack}.${archaius.deployment.subenvironment}.${archaius.deployment.environment}
ipaanalyticsPreFilter,/api/ipa/analytics.*,null,/analytics,null,FALSE,null,AUTH,IPA_TEST_SKU,IPAANALYTICS,ipaanalytics.${archaius.deployment.stack}.${archaius.deployment.subenvironment}.${archaius.deployment.environment}
ipaanalyticsHealthCheckPreFilter,/api/ipa/healthcheck.*,/api/ipa/healthcheck,/analytics/hello,null,FALSE,null,AUTH:500,IPA_TEST_SKU,IPAANALYTICS,ipaanalytics.${archaius.deployment.stack}.${archaius.deployment.subenvironment}.${archaius.deployment.environment}
iparecommendPreFilter,/api/ipa/recommend/.*,null,/recommend,null,FALSE,null,AUTH,IPA_TEST_SKU,IPARECOMMEND,iparecommend.${archaius.deployment.stack}.${archaius.deployment.subenvironment}.${archaius.deployment.environment}
ipatypeaheadPreFilter,/api/ipa/suggest.*,null,/suggest,null,FALSE,null,AUTH,IPA_TEST_SKU,IPATYPEAHEAD,ipatypeahead.${archaius.deployment.stack}.${archaius.deployment.subenvironment}.${archaius.deployment.environment}
wosJcrJifPreFilter,/api/jcr/jif.*,null,/jif,null,FALSE,null,NOVALIDATE,null,WOSJCRJIF,wosjcrjif.wos.${archaius.deployment.subenvironment}.${archaius.deployment.environment}
wosJcrJifAuthPreFilter,/api/jif.*,null,/jif,null,FALSE,jifSessionService,NOVALIDATE,null,WOSJCRJIF,wosjcrjif.wos.${archaius.deployment.subenvironment}.${archaius.deployment.environment}
jprofPublicPrefilter,/api/jprof/public.*,/api/jprof/public,/journal-profile/public,null,FALSE,null,NOVALIDATE,null,journalprofile,journalprofile.scholarone.${archaius.deployment.subenvironment}.${archaius.deployment.environment}
jprofRestrictedPrefilter,/api/jprof/restricted.*,/api/jprof/restricted,/journal-profile/restricted,null,FALSE,null,AUTH,null,journalprofile,journalprofile.scholarone.${archaius.deployment.subenvironment}.${archaius.deployment.environment}
testLambda,/api/lambda/HelloWorld.*,null,/HelloWorld,null,FALSE,null,null,null,LAMBDA_HELLO,null
cortellisTabsPreFilter,/api/landing.*,null,/landing,null,FALSE,null,AUTH,null,CORTELLISSEARCHAPI,cortellissearchapi.cortellis.produs.${archaius.deployment.environment}
landingPageChartPreFilter,/api/landingPageChart.*,null,/landingPageChart,null,FALSE,null,AUTH,null,CORTELLISSEARCHAPI,cortellissearchapi.cortellis.produs.${archaius.deployment.environment}
landingPageHeaderConfigPreFilter,/api/landingPageHeaderConfig.*,null,/landingPageHeaderConfig,null,FALSE,null,AUTH,null,CORTELLISCONFIGURATIONAPI,cortellisconfigurationapi.cortellis.produs.${archaius.deployment.environment}
landingPageSearchFiltersPreFilter,/api/landingPageSearchFilters.*,null,/landingPageSearchFilters,null,FALSE,null,AUTH,null,CORTELLISSEARCHAPI,cortellissearchapi.cortellis.produs.${archaius.deployment.environment}
links,/api/links.*,null,/links,null,TRUE,null,NOVALIDATE,null,links,woslinks.${archaius.deployment.stack}.${archaius.deployment.subenvironment}.${archaius.deployment.environment}
links-entitlements,/api/links/entitlements.*,null,/entitlements,null,TRUE,null,NOVALIDATE,null,links-entitlements,1plinksentitlements.${archaius.deployment.stack}.${archaius.deployment.subenvironment}.${archaius.deployment.environment}
watchlistPreListsAuth,/api/lists/watchlist.*,null,/lists/watchlist,null,FALSE,null,AUTH,null,WATCH,1pcitations.${archaius.deployment.stack}.${archaius.deployment.subenvironment}.${archaius.deployment.environment}
mapResolverPreFilter,/api/mapResolver.*,null,/mapResolver,null,FALSE,null,null,null,null,null
mapsResolverPreFilter,/api/mapsResolver.*,null,/mapsResolver,null,FALSE,null,null,null,null,null
mediaServiceNoValidate,/api/media.*,/api/media,/media,null,FALSE,null,NOVALIDATE,null,MEDIA,1pmedia.${archaius.deployment.stack}.${archaius.deployment.subenvironment}.${archaius.deployment.environment}
oauthMergePreFilter,/api/merge.*,/api/merge,/authorize/merge,null,FALSE,null,null,null,AUTH,1pauth.${archaius.deployment.stack}.${archaius.deployment.subenvironment}.${archaius.deployment.environment}
modelsPrefilter,/api/models.*,/api/models,/,null,TRUE,null,NOVALIDATE,null,1PMODELS,1pmodels.${archaius.deployment.stack}.${archaius.deployment.subenvironment}.${archaius.deployment.environment}
notify,/api/notify/.*,null,/notify,null,FALSE,null,AUTH,null,NOTIFY,1pnotify.${archaius.deployment.stack}.${archaius.deployment.subenvironment}.${archaius.deployment.environment}
oauthVerifyPreFilter,/api/oauth.*,/api/oauth,/authorize/verify,null,FALSE,null,null,null,AUTH,1pauth.${archaius.deployment.stack}.${archaius.deployment.subenvironment}.${archaius.deployment.environment}
postService,/api/posts.*,null,/posts,null,FALSE,null,AUTH,null,AUTHORING,1pauthoring.${archaius.deployment.stack}.${archaius.deployment.subenvironment}.${archaius.deployment.environment}
preferencesService,/api/preferences.*,null,/preferences,null,FALSE,null,NOAUTH,null,PREFERENCES,1ppreferences.${archaius.deployment.stack}.${archaius.deployment.subenvironment}.${archaius.deployment.environment}
profileAuthPreFilter,/api/profile/user.*,null,/profile/user,null,FALSE,CORSHeadersFilter,AUTH,null,PROFILES,1pprofiles.${archaius.deployment.stack}.${archaius.deployment.subenvironment}.${archaius.deployment.environment}
profileSearchPreFilter,/api/profilesearch.*,/api/profilesearch,/search,null,FALSE,null,AUTH,null,PROFILESEARCH,1pprofilesearch.${archaius.deployment.stack}.${archaius.deployment.subenvironment}.${archaius.deployment.environment}
recommendService,/api/recommend/.*,null,/recommend,null,FALSE,null,AUTH,null,RECOMMEND,1precommend.${archaius.deployment.stack}.${archaius.deployment.subenvironment}.${archaius.deployment.environment}
registrationPreFilter,/api/registration.*,null,/registration,null,FALSE,null,NOVALIDATE,null,AUTH,1pauth.${archaius.deployment.stack}.${archaius.deployment.subenvironment}.${archaius.deployment.environment}
registrationIpVerifyPreFilter,/api/registration/ip/verify/.*,null,/registration/ip/verify,null,FALSE,null,AUTH,null,AUTH,1pauth.${archaius.deployment.stack}.${archaius.deployment.subenvironment}.${archaius.deployment.environment}
reportService,/api/report.*,null,/report,null,FALSE,null,AUTH,null,AUTHORING,1pauthoring.${archaius.deployment.stack}.${archaius.deployment.subenvironment}.${archaius.deployment.environment}
wosauthorxformServiceProd,/api/researcher.*,null,/researcher,null,FALSE,null,AUTH,null,WOSAUTHORXFORMPROD,wosauthorxform.${archaius.deployment.stack}.${archaius.deployment.subenvironment}.${archaius.deployment.environment}
cortellisRetrieveDataPreFilterForGRCdata,/api/retrievegrcdata.*,null,/retrievegrcdata,null,FALSE,null,AUTH,null,CORTELLISRETRIEVEAPI,cortellisretrieveapi.cortellis.produs.${archaius.deployment.environment}
cortellisRetrieveDataPreFilterForIRdata,/api/retrieveirdata.*,null,/retrieveirdata,null,FALSE,null,AUTH,null,CORTELLISRETRIEVEAPI,cortellisretrieveapi.cortellis.produs.${archaius.deployment.environment}
cortellisRetrieveDataPreFilterForRSdata,/api/retrieversdata.*,null,/retrieversdata,null,FALSE,null,AUTH,null,CORTELLISRETRIEVEAPI,cortellisretrieveapi.cortellis.produs.${archaius.deployment.environment}
cortellisretrieveapiPreFilter,/api/retrievetestget/.*,null,/retrievetestget,null,FALSE,null,AUTH,null,CORTELLISRETRIEVEAPI,cortellisretrieveapi.cortellis.produs.${archaius.deployment.environment}
reviewerLocatorService,/api/reviewer/.*,null,/reviewer,null,FALSE,null,AUTH,null,REVIEWER,1previewerlocator.${archaius.deployment.stack}.${archaius.deployment.subenvironment}.${archaius.deployment.environment}
landingPageAdvSearchFilter,/api/riAdvancedSearch.*,null,/riAdvancedSearch,null,FALSE,null,AUTH,null,CORTELLISCONFIGURATIONAPI,cortellisconfigurationapi.cortellis.produs.${archaius.deployment.environment}
wosAuthorRecommendForWoSRRC,/api/rrc/author/.*,null,/author,null,FALSE,wosRRCSessionServicePROD,NOVALIDATE,null,WOSAUTHORRECOMMEND,wosauthorrecommend.${archaius.deployment.stack}.${archaius.deployment.subenvironment}.${archaius.deployment.environment}
wosauthorxformServiceForWoSRRC,/api/rrc/researcher.*,null,/researcher,null,FALSE,wosRRCSessionServicePROD,NOVALIDATE,null,WOSAUTHORXFORMPROD,wosauthorxform.${archaius.deployment.stack}.${archaius.deployment.subenvironment}.${archaius.deployment.environment}
sagemakerservice,/api/sagemaker/.*,null,/sagemaker,null,FALSE,null,AUTH,null,SAGEMAKER,sagemakerservice.${archaius.deployment.stack}.${archaius.deployment.subenvironment}.${archaius.deployment.environment}
searchV3PreFilter,/api/search/v3.*,/api/search/v3,/,null,FALSE,null,AUTH,null,1PSEARCHV3,1psearchv3.${archaius.deployment.stack}.${archaius.deployment.subenvironment}.${archaius.deployment.environment}
searchV4PreFilter,/api/search/v4.*,/api/search/v4,/,null,FALSE,null,AUTH,null,1PSEARCHV4,1psearchv4.${archaius.deployment.stack}.${archaius.deployment.subenvironment}.${archaius.deployment.environment}
cortellisSearchDataPreFilter,/api/searchdata.*,null,/searchdata,null,FALSE,null,AUTH,null,CORTELLISSEARCHAPI,cortellissearchapi.cortellis.produs.${archaius.deployment.environment}
sessionService,/api/session.*,null,/session,null,FALSE,null,NOVALIDATE,null,AUTH,1pauth.${archaius.deployment.stack}.${archaius.deployment.subenvironment}.${archaius.deployment.environment}
spmasterservicesService,/api/spmaster.*,null,/spmaster,null,FALSE,null,NOAUTH,null,SPMASTER,spmasterservices.${archaius.deployment.stack}.${archaius.deployment.subenvironment}.${archaius.deployment.environment}
ssoPreFilter,/api/sso.*,null,/sso,null,FALSE,null,NOVALIDATE,null,AUTH,1pauth.${archaius.deployment.stack}.${archaius.deployment.subenvironment}.${archaius.deployment.environment}
ssoUrlAuthPreFilter,/api/sso/url.*,null,/sso/url,null,FALSE,null,AUTH,null,AUTH,1pauth.${archaius.deployment.stack}.${archaius.deployment.subenvironment}.${archaius.deployment.environment}
statisticsService,/api/statistics.*,null,/statistics,null,FALSE,null,AUTH,null,AUTHORING,1pauthoring.${archaius.deployment.stack}.${archaius.deployment.subenvironment}.${archaius.deployment.environment}
suggestPreFilter,/api/suggest.*,null,/suggest,null,FALSE,null,NOAUTH,null,SUGGEST,1ptypeahead.${archaius.deployment.stack}.${archaius.deployment.subenvironment}.${archaius.deployment.environment}
supportService,/api/support.*,null,/support,null,FALSE,null,NOAUTH,null,SUPPORT,1psupport.${archaius.deployment.stack}.${archaius.deployment.subenvironment}.${archaius.deployment.environment}
zuultest,/api/test/.*,null,/test,null,FALSE,null,NOAUTH,null,ZUULTESTSERVICE,zuultestservice.${archaius.deployment.stack}.${archaius.deployment.subenvironment}.${archaius.deployment.environment}
cortellissearchapiPreFilter,/api/testget/.*,null,/testget,null,FALSE,null,AUTH,null,CORTELLISSEARCHAPI,cortellissearchapi.cortellis.produs.${archaius.deployment.environment}
cortellisontologyapiPreFilter,/api/testgetontology.*,null,/testgetontology,null,FALSE,null,AUTH,null,CORTELLISONTOLOGYAPI,cortellisontologyapi.cortellis.produs.${archaius.deployment.environment}
userProfileBatchService,/api/users/list.*,null,/users/list,null,FALSE,null,NOAUTH,null,PROFILE,1pprofile.${archaius.deployment.stack}.${archaius.deployment.subenvironment}.${archaius.deployment.environment}
sprefsPrefilter,/api/users/sprefs.*,null,/users/sprefs,null,FALSE,null,null,null,AUTH,1pauth.${archaius.deployment.stack}.${archaius.deployment.subenvironment}.${archaius.deployment.environment}
userProfileService,/api/users/user.*,null,/users/user,null,FALSE,null,AUTH,null,PROFILE,1pprofile.${archaius.deployment.stack}.${archaius.deployment.subenvironment}.${archaius.deployment.environment}
captchaAuthPreFilter,/api/util/text.*,null,/util/text,null,FALSE,null,null,null,AUTH,1pauth.${archaius.deployment.stack}.${archaius.deployment.subenvironment}.${archaius.deployment.environment}
userProfilev2Service,/api/v2users.*,/api/v2users,/users,null,FALSE,CORSHeadersFilter,AUTH,null,PROFILEV2,1pprofile.${archaius.deployment.stack}.${archaius.deployment.subenvironment}.${archaius.deployment.environment}
userProfilev2NoAuthService,/api/v2users/.*/media/image||/api/v2users/user/[a-fA-F0-9-]+$,/api/v2users,/users,null,FALSE,CORSHeadersFilter,NOVALIDATE,null,PROFILEV2,1pprofile.${archaius.deployment.stack}.${archaius.deployment.subenvironment}.${archaius.deployment.environment}
wosNxAlerting,/api/wos/alerting.*,null,/alerting,null,FALSE,wosNxSessionServiceProd,NOVALIDATE,null,WOSNXALERTING,wosnxalerting.wos.${archaius.deployment.subenvironment}.${archaius.deployment.environment}
wosNxAlertingCuration,/api/wos/curation.*,null,/curation,null,FALSE,null,NOVALIDATE,null,WOSNXALERTING,wosnxalerting.wos.${archaius.deployment.subenvironment}.${archaius.deployment.environment}
wosNxMjl,/api/wos/mjl.*,null,/mjl,null,FALSE,wosNxSessionServiceProd,NOVALIDATE,null,WOSNXALERTING,wosnxalerting.wos.${archaius.deployment.subenvironment}.${archaius.deployment.environment}
wosldPreFilter,/api/wosdashboard.*,null,/wosdashboard,null,FALSE,null,AUTH,null,wosldClient,wosldservice.wos.${archaius.deployment.subenvironment}.${archaius.deployment.environment}
wppDataServicePreFilter,/api/wpp/.*,/api/wpp,/,null,FALSE,null,AUTH,null,WPP_DATA_SERVICE,publisherportaldataservice.scholarone.${archaius.deployment.subenvironment}.${archaius.deployment.environment}
zuulStatsPreFilter,/api/zuulStats.*,null,/zuulStats,null,FALSE,null,null,null,null,null
watFrontendPreFilter,/author.*,/author,/,null,FALSE,null,NOVALIDATE,null,WAT_FRONTEND,watfrontend.${archaius.deployment.stack}.${archaius.deployment.subenvironment}.${archaius.deployment.environment}
cdxPreFilter,/cdx.*,/cdx,/,null,FALSE,null,NOVALIDATE,null,CDX_SEED,cdxseed.${archaius.deployment.stack}.${archaius.deployment.subenvironment}.${archaius.deployment.environment}
censubuiPreFilter,/censub.*,/censub,/,null,FALSE,null,NOVALIDATE,null,CENSUB_FRONTEND,censubui.scholarone.${archaius.deployment.subenvironment}.${archaius.deployment.environment}
cmcguiPreFilter,/cmc||/cmc/.*,/cmc,/,null,FALSE,null,NOVALIDATE,null,CMC_GUI,cmcgui.${archaius.deployment.stack}.${archaius.deployment.subenvironment}.${archaius.deployment.environment}
communityPreFilter,/cmty.*,/cmty,/,null,FALSE,null,NOVALIDATE,null,1P_FRONTEND,1pfrontend.${archaius.deployment.stack}.${archaius.deployment.subenvironment}.${archaius.deployment.environment}
urlRedirectionPreFilter,/cmty.*,/cmty.*,/,dev-stable.1p.thomsonreuters.com||projectne.thomsonreuters.com,FALSE,null,NOVALIDATE,null,1P_APP_BROKER,1pappbroker.${archaius.deployment.stack}.${archaius.deployment.subenvironment}.${archaius.deployment.environment}
cortellisAlertFilter,/cortellis/alert/||/cortellis/alert/.*,/cortellis/alert/,/,null,FALSE,null,NOVALIDATE,null,CORTELLISALERTAPP,cortellisalertapp.cortellis.produs.${archaius.deployment.environment}
cortellisExportFilter,/cortellis/export/||/cortellis/export/.*,/cortellis/export/,/,null,FALSE,null,NOVALIDATE,null,CORTELLISEXPORTAPP,cortellisexportapp.cortellis.produs.${archaius.deployment.environment}
cortellisDealsLandingComponentFilter,/cortellis/landing/deals||/cortellis/landing/deals/.*,/cortellis/landing/deals,/,null,FALSE,null,NOVALIDATE,null,CORTELLIS_DEALS_LANDING_COMPONENT,cortellisDealslandingcomponent.cortellis.produs.${archaius.deployment.environment}
cortellisLandingAppFilter,/cortellis/landing/ri||/cortellis/landing/ri/.*,/cortellis/landing/ri,/,null,FALSE,null,NOVALIDATE,null,CORTELLIS_LANDING_APP,cortellislandingapp.cortellis.produs.${archaius.deployment.environment}
cortellisReportAppFilter,/cortellis/report/||/cortellis/report/.*,/cortellis/report/,/,null,FALSE,null,NOVALIDATE,null,CORTELLISREPORTAPP,cortellisreportapp.cortellis.produs.${archaius.deployment.environment}
cortellisResultsAppFilter,/cortellis/results/||/cortellis/results/.*,/cortellis/results/,/,null,FALSE,null,NOVALIDATE,null,CORTELLISRESULTSAPP,cortellisresultsapp.cortellis.produs.${archaius.deployment.environment}
cortellisResultsFilter,/cortellis/resultscomp/||/cortellis/resultscomp/.*,/cortellis/resultscomp/,/,null,FALSE,null,NOVALIDATE,null,CORTELLISRESULTSCOMPONENT,cortellisresultscomponent.cortellis.produs.${archaius.deployment.environment}
draddFrontendPreFilter,/dra-dd.*,/dra-dd,/,null,FALSE,null,NOVALIDATE,null,DRADD_FRONTEND,draddgui.${archaius.deployment.stack}.${archaius.deployment.subenvironment}.${archaius.deployment.environment}
draTdGuiPreFilter,/dra-td.*,/dra-td,/,null,FALSE,null,NOVALIDATE,null,DRA_TD_GUI,dratdgui.${archaius.deployment.stack}.${archaius.deployment.subenvironment}.${archaius.deployment.environment}
draiopFrontendPreFilter,/dra||/dra/.*,/dra,/,null,FALSE,null,NOVALIDATE,null,DRAIOP_FRONTEND,draiopgui.${archaius.deployment.stack}.${archaius.deployment.subenvironment}.${archaius.deployment.environment}
cddiGuiPreFilter,/drugdiscovery.*,/drugdiscovery,/,null,FALSE,null,NOVALIDATE,null,CDDI_GUI,igrgui.${archaius.deployment.stack}.${archaius.deployment.subenvironment}.${archaius.deployment.environment}
cddiGuiFb1PreFilter,/drugdiscovery.*,/drugdiscovery.*,/,apps.dev-snapshot-fb1.clarivate.com,FALSE,null,NOVALIDATE,null,CDDI_GUI_FB1,igrGuiFb1.${archaius.deployment.stack}.${archaius.deployment.subenvironment}.${archaius.deployment.environment}
cgiGuiPreFilter,/generics.*,/,/,null,FALSE,null,NOVALIDATE,null,CGI_FRONTEND,npcfgui.newport.produs.${archaius.deployment.environment}
iipFrontendPreFilter,/iip.*,/iip,/,null,FALSE,null,NOVALIDATE,null,IIP_FRONTEND,iipfrontend.${archaius.deployment.stack}.${archaius.deployment.subenvironment}.${archaius.deployment.environment}
cortellisLandingComponentFilter,/intelligence/landing||/intelligence/landing/.*,/intelligence/landing,/,null,FALSE,null,NOVALIDATE,null,CORTELLIS_LANDING_COMPONENT,cortellislandingcomponent.cortellis.produs.${archaius.deployment.environment}
cortellisReportFilter,/intelligence/site-report/||/intelligence/site-report/.*,/intelligence/site-report/,/,null,FALSE,null,NOVALIDATE,null,CORTELLISREPORTCOMPONENT,cortellisreportcomponent.cortellis.produs.${archaius.deployment.environment}
cortellisFrontendFilter,/intelligence/suite||/intelligence/suite/.*,/intelligence/suite,/,null,FALSE,null,NOVALIDATE,null,CORTELLISFRONTEND,cortellisfrontend.cortellis.produs.${archaius.deployment.environment}
ipaFrontendV2PreFilter,/ipa.*,/ipa,/ipa,null,FALSE,null,NOVALIDATE,null,IPA_FRONTEND_V2,ipafrontend.${archaius.deployment.stack}.${archaius.deployment.subenvironment}.${archaius.deployment.environment}
iplabPreFilter,/iplab.*,/iplab,/,null,FALSE,null,NOVALIDATE,null,IPLAB,iplab.${archaius.deployment.stack}.${archaius.deployment.subenvironment}.${archaius.deployment.environment}
wosJcrJifFrontendPreFilter,/jif.*,/jif,/jif,null,FALSE,null,NOVALIDATE,null,WOSJCRJIF_FRONTEND,wosjcrjiffrontend.${archaius.deployment.stack}.${archaius.deployment.subenvironment}.${archaius.deployment.environment}
kpaGuiPreFilter,/kpa.*,/kpa,/kpa,null,FALSE,null,NOVALIDATE,null,KPA_FRONTEND,kpagui.${archaius.deployment.stack}.${archaius.deployment.subenvironment}.${archaius.deployment.environment}
linksentPreFilter,/linksent.*,/linksent,/,null,TRUE,null,NOVALIDATE,null,LINKSENT_FRONTEND,1plinksentitlementsui.${archaius.deployment.stack}.${archaius.deployment.subenvironment}.${archaius.deployment.environment}
draMarketinguiPreFilter,/marketing/dratd||/marketing/dratd/.*||/ui/dratd/marketing||/ui/dratd/marketing/.*,/,/,null,FALSE,null,NOVALIDATE,null,DRA_MARKETINGUI,dratdmarketingui.dra.${archaius.deployment.subenvironment}.${archaius.deployment.environment}
igrMarketinguiPreFilter,/marketing/drugdiscovery||/marketing/drugdiscovery/.*||/ui/drugdiscovery/marketing||/ui/drugdiscovery/marketing/.*,/,/,null,FALSE,null,NOVALIDATE,null,CDDI_MARKETINGUI,cddimarketingui.integrity.produs.${archaius.deployment.environment}
cgiMarketinguiPreFilter,/marketing/generics||/marketing/generics/.*||/ui/generics/marketing||/ui/generics/marketing/.*,/,/,null,FALSE,null,NOVALIDATE,null,CGI_MARKETINGUI,npmarketingui.newport.produs.${archaius.deployment.environment}
mjlbetauiPreFilter,/mjl-beta.*,/mjl-beta,/,null,FALSE,null,NOVALIDATE,null,CENSUB_FRONTEND,censubui.scholarone.${archaius.deployment.subenvironment}.${archaius.deployment.environment}
psaPreFilter,/psa.*,/psa,/,null,FALSE,null,NOVALIDATE,null,1P_ADMIN_UI,1padminui.${archaius.deployment.stack}.${archaius.deployment.subenvironment}.${archaius.deployment.environment}
pubportaluiPreFilter,/publisherportal.*,/publisherportal,/,null,FALSE,null,NOVALIDATE,null,WPP_UI,wppui.scholarone.${archaius.deployment.subenvironment}.${archaius.deployment.environment}
rrcCurationFrontendProd,/rrcc.*,/rrcc,/,null,FALSE,null,NOVALIDATE,null,RRCFRONTEND,rrcfrontend.${archaius.deployment.stack}.${archaius.deployment.subenvironment}.${archaius.deployment.environment}
cortellissvgextractorcomponentPreFilter,/svg-extractor.*,/svg-extractor,/,null,FALSE,null,NOVALIDATE,null,CORTELLISSVGEXTRACTORCOMPONENT,cortellissvgextractorcomponent.cortellis.${archaius.deployment.environment}
wosldFrontEndPreFilter,/wosdashboard.*,/wosdashboard,/,null,FALSE,null,NOVALIDATE,null,WOSLD_FRONTEND,wosldui.wos.${archaius.deployment.subenvironment}.${archaius.deployment.environment}
wosrlPrefilter,/wosrl.*,/,/,null,FALSE,null,null,null,WOSRL_CDX,null
wppuiPreFilter,/wpp.*,/wpp,/,null,FALSE,null,NOVALIDATE,null,WPP_UI,wppui.scholarone.${archaius.deployment.subenvironment}.${archaius.deployment.environment}
wosNxSessionServiceProd,null,null,null,null,FALSE,null,null,null,null,null
wosRRCSessionServicePROD,null,null,null,null,FALSE,null,null,null,null,null
AuthRouterFilter,null,null,null,null,FALSE,null,null,null,null,null
profileLookupPreFilter,null,null,/profile/lookup,null,FALSE,CORSHeadersFilter,AUTH,null,PROFILES,1pprofiles.${archaius.deployment.stack}.${archaius.deployment.subenvironment}.${archaius.deployment.environment}
RequestHeaderAndParameterSanitizationFilter,null,null,null,null,FALSE,null,null,null,null,null
jifSessionService,null,null,null,null,FALSE,null,null,null,null,null
inCitesSessionService,null,null,null,null,FALSE,null,null,null,null,null
RIBBON_SERVICE,null,null,null,null,FALSE,null,null,null,null,null
RIBBON_COMMAND,null,null,null,null,FALSE,null,null,null,null,null
ZUUL_INTERNAL,null,null,null,null,FALSE,null,null,null,null,null
ResponseHeaders,null,null,null,null,FALSE,null,null,null,null,null
CORSHeadersFilter,null,null,null,null,FALSE,null,null,null,null,null